name,city,country,email,email_domain,has_custom_domain,domain_status,domain_url,domain_title
"MATOKA Georgian, Bakery & Coffee ☕🍰",Prague,Czech Republic,matokacheese@gmail.com,,no,free_email,,
Nailss,Milan,Italy,daylaadonay@gmail.com,,no,free_email,,
Flower Market,Amsterdam,Netherlands,saharmostafa237@gmail.com,,no,free_email,,
Gloss Nail Salon,Bucharest,Romania,information.gloss@gmail.com,,no,free_email,,
GN STUDIO Nail Art,Barcelona,Spain,studiokingapaner@gmail.com,,no,free_email,,
The Circle London,London,UK,info@thecirclelondon.com,thecirclelondon.com,yes,live,https://thecirclelondon.com,"The Circle London | Tattoos | Piercing | Art | 21 Noel Street, London, UK"
Smart car wash,Bucharest,Romania,hello@smartcar.com,smartcar.com,yes,live,https://smartcar.com,Smartcar · Car API platform for connected vehicle data
Laundry Self Service,Rome,Italy,jstasis@stasis.com.gr,stasis.com.gr,yes,live,https://stasis.com.gr,STASIS &#8211; Commercial Real Estate &amp; Development
South City Market - Caledonian Road,London,UK,info@southcitymarket.com,southcitymarket.com,yes,live,https://southcitymarket.com,Tattoo Studio London (South City Market) - 250+ 5* Reviews
Repair & Coffee,Brussels,Belgium,repaircoffee@naver.com,,no,free_email,,
Service GSM,Bucharest,Romania,costygsm@gmail.com,,no,free_email,,
Bastille Point com,Paris,France,bastillepointcom@gmail.com,,no,free_email,,
Maison RITUAL piercing,Brussels,Belgium,ohlalamaisonbazaar@gmail.com,,no,free_email,,
Environ Pest Control London,London,UK,environpestservices@gmail.com,,no,free_email,,
Lavandaria Self Service Sem Molas,Lisbon,Portugal,carteti@icloud.com,,no,free_email,,
Smartphone Lounge - the walk in repair center,Munich,Germany,info@handywartung.de,handywartung.de,yes,live,http://handywartung.de,
"Llarusa - russian manicure, BIAB, henna brows, threading, facials, peelings, body sculpting massage, Barcelona",Barcelona,Spain,salon.llarusa@gmail.com,,no,free_email,,
Indonesia Culinary Restaurant,Budapest,Hungary,felix.hery@gmail.com,,no,free_email,,
Zoldyck Family GSM,Budapest,Hungary,zoldyck.family@mail.com,,no,free_email,,
"Key cutting Shoemaker, Stamps",Warsaw,Poland,inkanyeziexpress@gmail.com,,no,free_email,,
Quality Cleaners,Amsterdam,Netherlands,marybradley422@gmail.com.com,gmail.com.com,yes,no_site,,
Mobile Shop 4 | Express Reparatur 30min | Europe Internet SIM-Cards/eSIM | Mobile accessories| international Adapter,Vienna,Austria,kurbanmiya1988ka969@gmail.com,,no,free_email,,
Lines Ink Tattoo,Zurich,Switzerland,linesinktattoo@gmail.com,,no,free_email,,
City Pet Grooming,Bucharest,Romania,citypetgrooming@outlook.com,,no,free_email,,
Lavandería | Wash & Lock,Madrid,Spain,burbujas@burbujas.online,burbujas.online,yes,live,https://burbujas.online,LavanderÃ­a Burbujas - Delivery sin cargo! | LavanderÃ­a Burbujas | LavanderÃ­a a domicilio en Dolor
AUTO BROS Valencia,Barcelona,Spain,autobroszimbabwe@gmail.com,,no,free_email,,
Le Bottier Parisien Cordonnerie Progrès Reproduction de clés,Paris,France,rubenshoes1965@gmail.com,,no,free_email,,
Que Bonito Pet!,Brussels,Belgium,m.cueto@live.com,,no,free_email,,
Mobile Expert,Dublin,Ireland,mobileexpert77@gmail.com,,no,free_email,,
Empire Barbershop💈,Brussels,Belgium,bigandtall538@gmail.com,,no,free_email,,
Cleopatra INK Tattoo & Piercing Prague Studio,Prague,Czech Republic,contact@cleopatraink.com,cleopatraink.com,yes,live,https://cleopatraink.com,Explore the Largest Awarded Tattoo Company - Cleopatra Ink
Bio Lavanderia Prati,Rome,Italy,biolavanderia@gmail.com,,no,free_email,,
REFORMAS Handyman Project SL (Manitas Efectivas),Madrid,Spain,info@reformashandyman.net,reformashandyman.net,yes,live,https://reformashandyman.net,Otro sitio realizado con WordPress
3Dadd - Impressão 3D Lisboa,Lisbon,Portugal,geral@3dadd.pt,3dadd.pt,yes,no_site,,
Edilpavimentazioneroma,Rome,Italy,edilpavimentazionesrls@gmail.com,,no,free_email,,
Bg Lavagem Auto,Lisbon,Portugal,bglavagemauto78@gmail.com,,no,free_email,,
Pullman Motors,London,UK,contact@pullmanmotorsengineering.co.uk,pullmanmotorsengineering.co.uk,yes,parked,https://pullmanmotorsengineering.co.uk,Coming Soon
Coko's Catering,Madrid,Spain,info@cokoscatering.com,cokoscatering.com,yes,no_site,,
Peluquería Canina Madrid - Garden Pets,Madrid,Spain,madriddogwash@gmail.com,,no,free_email,,
Officina Meccanica Casaldi Pierluigi,Rome,Italy,malugi.srls@virgilio.it,,no,free_email,,
Atelier Reparații Încălțăminte,Bucharest,Romania,stratulat1908.cs@gmail.com,,no,free_email,,
The Paw Society,Dublin,Ireland,info@thepawsociety.ie,thepawsociety.ie,yes,no_site,,
Copiere Chei,Bucharest,Romania,hendric_csaba@yahoo.com,,no,free_email,,
Szélvédő javítás Budapest,Budapest,Hungary,info@szelvedojavitas.hu,szelvedojavitas.hu,yes,live,https://szelvedojavitas.hu,"SzÃ©lvÃ©dÅ javÃ­tÃ¡s Budapesten â Gyors, MegbÃ­zhatÃ³ AutÃ³Ã¼veg SzolgÃ¡ltatÃ¡s Mobil KiszÃ¡llÃ¡s"
P2T INFORMATICA,Rome,Italy,info@p2tinformatica.it,p2tinformatica.it,yes,live,https://p2tinformatica.it,P2T Informatica - Assistenza Tecnica e Vendita Informatica Roma
Cerrajería Joma - Cerrajero en Madrid,Madrid,Spain,cerrajeriajoma@hotmail.com,,no,free_email,,
"Sklep Hydrauliczny Warszawa – kotły gazowe, podgrzewacze, instalacje grzewcze",Warsaw,Poland,sklep@e-hydrauliczny.pl,e-hydrauliczny.pl,yes,live,https://e-hydrauliczny.pl,Sklep Hydrauliczny i Instalacyjny - E-Hydrauliczny.pl
McGauran Cleaning,Dublin,Ireland,mcgauranjames@gmail.com,,no,free_email,,
The English Plumber,Amsterdam,Netherlands,filson64@gmail.com,,no,free_email,,
La Toutounière,Brussels,Belgium,latoutouniere@hotmail.fr,,no,free_email,,
Blue Dog Grooming Studio,Copenhagen,Denmark,kontakt@bluedoggroomingstudio.dk,bluedoggroomingstudio.dk,yes,no_site,,
Motoworld Auto Body Repair Centre,Dublin,Ireland,motoworldautoltd@gmail.com,,no,free_email,,
Tintorería Urbanclean Prosperidad,Madrid,Spain,info@urbanclean.es,urbanclean.es,yes,live,https://urbanclean.es,UrbanClean | Tintorería y Lavandería: Tiendas y Servicio a Domicilio
Dekarz Warszawa Dach Uslugi Dekarskie,Warsaw,Poland,antbud@onet.pl,,no,free_email,,
Auto Wash,Lisbon,Portugal,andresp.autowash@gmail.com,,no,free_email,,
Tasty Catering,Bucharest,Romania,info@tastycatering.com,tastycatering.com,yes,live,https://tastycatering.com,Tasty Catering | Catering Chicago IL Since 1989
Démolition & Débarras Paris,Paris,France,demolitiondebarras@gmail.com,,no,free_email,,
Nao Clean,Brussels,Belgium,laveneco.vn@gmail.com,,no,free_email,,
Mark 1 Upholstery,Dublin,Ireland,mark1sales75@gmail.com,,no,free_email,,
Vision Studio,Dublin,Ireland,studiovisionpak@gmail.com,,no,free_email,,
Tappezzeria Silvera,Milan,Italy,info@tappezzeriasilvera.com,tappezzeriasilvera.com,yes,no_site,,
UrbánCar Kft,Budapest,Hungary,urbancarkft@gmail.com,,no,free_email,,
Virtuos Print s.r.o.,Prague,Czech Republic,info@virtuos-print.cz,virtuos-print.cz,yes,live,https://virtuos-print.cz,PrÃ©miovÃ© tiskovÃ© a designovÃ© sluÅ¾by v Praze | Virtuos Print
Green Eco Srl,Rome,Italy,info@greeneco.biz,greeneco.biz,yes,no_site,,
JSD Carpentry,Dublin,Ireland,jsdcarpentry@hotmail.com,,no,free_email,,
Oficina do Carpinteiro,Lisbon,Portugal,oficinadocelular341@gmail.com,,no,free_email,,
Pet Store Grooming,Bucharest,Romania,petspk.store@gmail.com,,no,free_email,,
Zrobione! - Złota Rączka,Warsaw,Poland,bbmaja@gmail.com,,no,free_email,,
Iggy Handyman,Amsterdam,Netherlands,contact@iggyhandyman.com,iggyhandyman.com,yes,live,https://iggyhandyman.com,When to Call a Plumber: Essential Signs and Tips to Avoid Costly Disasters
MASI 3D di Massimiliano Lequio,Rome,Italy,infomasi3d@gmail.com,,no,free_email,,
Sudura Argon,Bucharest,Romania,argonsud.office@yahoo.com,,no,free_email,,
Ateliér Casa Gioia,Prague,Czech Republic,ateliercasagioia@gmail.com,,no,free_email,,
Atelier Drouin,Paris,France,eugenie@atelierdrouin.fr,atelierdrouin.fr,yes,live,https://atelierdrouin.fr,
Moving Service Partnership 2000 Srl,Rome,Italy,unitedmovingservice@gmail.com,,no,free_email,,
Westview Paving,Dublin,Ireland,roy@westviewpaving.com,westviewpaving.com,yes,live,https://westviewpaving.com,Westview Paving | Home | Westview Paving
Intingoli - Brigata di cucina itinerante,Milan,Italy,info@intingoli.com,intingoli.com,yes,no_site,,
Luxury Cleaning - Società di Capitali,Rome,Italy,luxurycleaningservices01@gmail.com,,no,free_email,,
Hodinový manžel Caesar,Prague,Czech Republic,mi_ma@seznam.cz,,no,free_email,,
Entreprise Jonathan Paris,Paris,France,entreprise.jonathan@orange.fr,,no,free_email,,
Pixel Studio Vienna,Vienna,Austria,pixelstudiovienna@gmail.com,,no,free_email,,
London Mobile Welding,London,UK,quote@londonmobilewelding.co.uk,londonmobilewelding.co.uk,yes,no_site,,
Fencing Services London,London,UK,andy@thefenceandpaveteam.co.uk,thefenceandpaveteam.co.uk,yes,live,https://thefenceandpaveteam.co.uk,The Fence and Pave Team
Solido3d - 3d Print,Rome,Italy,info@solido3d.it,solido3d.it,yes,no_site,,
Alaska Servicii,Bucharest,Romania,speteanustefan08@gmail.com,,no,free_email,,
Truhlářství Michal Kokeš,Prague,Czech Republic,m.vasicek@seznam.cz,,no,free_email,,
Auto Boom Car Wash,Lisbon,Portugal,crosslinecreations@gmail.com,,no,free_email,,
Impression 3D by Fize,Paris,France,commercial@impression-3d.com,impression-3d.com,yes,live,https://impression-3d.com,Site is undergoing maintenance
Desfundări Țevi București – NON-STOP,Bucharest,Romania,contact@desfundari-tevi.com,desfundari-tevi.com,yes,live,https://desfundari-tevi.com,"Desfundări în Bucureşti - Desfundare ţevi, canalizare şi conducte canal"
Stockholms Tapetserarverkstad,Stockholm,Sweden,info@stockholmstapetserarverkstad.se,stockholmstapetserarverkstad.se,yes,live,http://stockholmstapetserarverkstad.se,Hosted by one.com
Topcespedartificialgrass,Madrid,Spain,sales@topcespedartificialgrass.com,topcespedartificialgrass.com,yes,no_site,,
Luxury Windows Cleaning Limpia Cristales Barcelona,Barcelona,Spain,luxurywindows1@gmail.com,,no,free_email,,
Limpieza Xtrema | Empresa de limpieza en Barcelona,Barcelona,Spain,limpiezax@gmail.com,,no,free_email,,
EXPERTOS EN DEMOLICIONES FUENTES,Madrid,Spain,elexpertoen@gmail.com,,no,free_email,,
L.A. Bestrating,Amsterdam,Netherlands,labestrating@hotmail.com,,no,free_email,,
Votre Atelier Paris - I am in Paris,Paris,France,sayakaasai.art@gmail.com,,no,free_email,,
ASK Sprinkler,Stockholm,Sweden,info@asksprinkler.se,asksprinkler.se,yes,live,https://asksprinkler.se,ASK Sprinkler AB
Style Bau | Orhan Zengin,Vienna,Austria,office@stylebau.com,stylebau.com,yes,live,https://stylebau.com,StyleBau &#8211; StyleBau
Ack Services,Brussels,Belgium,ackservices1982@hotmail.com,,no,free_email,,
Nora Reinigung,Munich,Germany,norareinigungservice@gmail.com,,no,free_email,,
Handymanopgaver,Copenhagen,Denmark,info@handymanopgaver.com,handymanopgaver.com,yes,no_site,,
Villanyszerelő - Electrician (HU / EN),Budapest,Hungary,cityba@gmail.com,,no,free_email,,
Calzolaio,Rome,Italy,maurobertoccini@gmail.com,,no,free_email,,
QGardens,Amsterdam,Netherlands,qgardenspw@outlook.com,,no,free_email,,
Roofus GmbH,Vienna,Austria,office@roofus.at,roofus.at,yes,no_site,,
Stockholm Stensättning & Uppfartsrenovering,Stockholm,Sweden,stockholmstenlaggare@gmail.com,,no,free_email,,
The Chair Necessities,Prague,Czech Republic,maddison.noel@hotmail.com,,no,free_email,,
Shine with glory,Lisbon,Portugal,gloriamputu2@gmail.com,,no,free_email,,
Bau & Rein TZP Family,Vienna,Austria,info@bau-rein.de,bau-rein.de,yes,live,https://bau-rein.de,Startseite
"HS Grafiska AB, Trycksaks konsult, digitaltryckeri Stockholm, Tryckeri Stockholm",Stockholm,Sweden,info@hsgrafiska.se,hsgrafiska.se,yes,no_site,,
