name,city,email,email_domain,domain_status,domain_url,domain_title
AL MUKHTAR BAKERY,Ajman,info@almukhtarbakery.com,almukhtarbakery.com,no_site,,
Al Sorour Bakeries - Al Nuaimia Branch,Ajman,info@alsorour.ae,alsorour.ae,live,https://alsorour.ae,"Al Sorour Bakeries Est. | Al Sorour Catering and Hospitality - Abu Dhabi, UAE"
Emirates Modern Bakery,Ras Al Khaimah,Thzachjoseph@rakbank.co.aeRead,rakbank.co.aeread,no_site,,
PAPAS BITE BAKE,Fujairah,mail@egov.fujairah.ae,egov.fujairah.ae,no_site,,
Taiba pastry restaurant,Umm Al Quwain,info@taibapastry.online,taibapastry.online,no_site,,
ARABIAN SAMOOSA BAKERY,Umm Al Quwain,info@royalfi.com,royalfi.com,live,https://royalfi.com,Home - Royal Food Industries
The Bakery House,Umm Al Quwain,info@nexonpli.com,nexonpli.com,minimal,https://nexonpli.com,
Fine Look Car Care,Dubai,services@finelookcarcare.com,finelookcarcare.com,live,http://finelookcarcare.com,Redirecting...
New Diamond Palace Car Wash,Abu Dhabi,info@pinascargo.com,pinascargo.com,live,https://pinascargo.com,Pinas Express | Cargo &amp; Clearing LLC &#8211; Your No.1 trusted Balikbayan company in UAE
Sharjah Auto Service Centre,Sharjah,autocare@dhanyagroup.com,dhanyagroup.com,no_site,,
Al Qassimiya Auto car wash,Sharjah,dubai@zeezgroup.com,zeezgroup.com,live,https://zeezgroup.com,Home - Zeez Group
Abu soliman car wash Fujairah sakamkam,Fujairah,contact@coparking.ch,coparking.ch,no_site,,
Grace Cars Care,Fujairah,info@crazycarcare.ae,crazycarcare.ae,live,https://crazycarcare.ae,Limousine Rental Agency
Twaddan Car Wash | تودَّن لغسيل السيارات,Umm Al Quwain,support@twaddan.com,twaddan.com,live,https://twaddan.com,Twaddan
Xtreme car care,Umm Al Quwain,Lutfi@xtreme-4x4.com,xtreme-4x4.com,live,https://xtreme-4x4.com,Xtreme 4x4 | High Performance Products
Grand Car Wash,Umm Al Quwain,info@smartautouae.com,smartautouae.com,live,https://smartautouae.com,Car Window Tinting Dubai - Window Tinting Services UAE
ELECTRO CRAFT Electric motor rewinding and pump repairing centre,Sharjah,Ecraft@emirates.net.ae,emirates.net.ae,no_site,,
Al Bayadh Garage,Ajman,info@malen.com,malen.com,no_site,,
Extreme Motors Garage,Ras Al Khaimah,info@bpratv.com,bpratv.com,live,https://bpratv.com,BPRATV - Yamaha Banshee Honda TRX Polaris RZR Can-Am Maverick &amp; More
Al Hidayah car accessories,Umm Al Quwain,enquiry@aedhs.com,aedhs.com,live,https://aedhs.com,"Supplier of Test &amp; Measurement, Medical, Emergency Response Instruments in UAE | Dubai, Abu Dhab"
Zinq Garage,Umm Al Quwain,info@zinqgarage.com,zinqgarage.com,live,https://zinqgarage.com,Zinq Garage
Hi-Tec Motors,Umm Al Quwain,sales@hitecperformance.ae,hitecperformance.ae,live,https://hitecperformance.ae,Nissan Patrol | United Arab Emirates | Hitec Performance
"3dmanzil - 3d printing, 3d scanning and scale model making company in dubai",Dubai,info@3dmanzil.com,3dmanzil.com,no_site,,
3D PRINTDXB,Sharjah,info@3dprintdxb.com,3dprintdxb.com,live,https://3dprintdxb.com,3DPrintDxb - 3dPrintDXB
MVA 3d Accessories,Ras Al Khaimah,fo@stevinrock.com,stevinrock.com,live,https://stevinrock.com,Stevin Rock | The Leading Quarrying Operator
Popular Office Equipment Trading ( Copy centre ),Fujairah,poetllc@eim.ae,eim.ae,live,https://eim.ae,
Fujairah Print Pro,Fujairah,fujairahprinting@eim.ae,eim.ae,live,https://eim.ae,
Fujairah National Printing Press,Fujairah,Fujpress@emirates.net.ae,emirates.net.ae,no_site,,
Saad 3d Sign & Printing,Umm Al Quwain,mail@qodeinteractive.com,qodeinteractive.com,live,https://qodeinteractive.com,We Bring Beauty to WordPress - Qode Interactive
feel printings,Umm Al Quwain,enquiry@aedhs.com,aedhs.com,live,https://aedhs.com,"Supplier of Test &amp; Measurement, Medical, Emergency Response Instruments in UAE | Dubai, Abu Dhab"
National Auto - Fiat & Abarth Showroom,Dubai,Namarketing@alghandi.com,alghandi.com,no_site,,
ALFAHIM Group - مجموعة الفهيم,Abu Dhabi,Info@alfahim.ae,alfahim.ae,live,https://alfahim.ae,Home - Alfahim
Abbey Crescent 1,Dubai,info@crescentschooldubai.comadm,crescentschooldubai.comadm,no_site,,
All maha sewage and draining service,Dubai,Sales@yp-uae.com,yp-uae.com,live,https://yp-uae.com,"YellowPages-UAE, The Online Directory for Businesses and Brands in the UAE"
auga,Dubai,Personalas@auga.lt,auga.lt,live,https://auga.lt,AUGA - Ekologiškas maistas be kainos gamtai
Lamsat amira,Dubai,lamassat@lamassat.com,lamassat.com,live,https://lamassat.com,Lamassat | Automotive and Home Detailing Services
Mohammed Helal Uddin,Dubai,huddin@emiratesunicom.com,emiratesunicom.com,no_site,,
AL MUNER TEXTILE AND TRADING LLC,Dubai,almuneer@emirates.net.ae,emirates.net.ae,no_site,,
Abaya and more,Dubai,info@cryptolegal.uk,cryptolegal.uk,live,https://cryptolegal.uk,Crypto Legal
Qamr al ahlam fashion designing,Dubai,info@qamaralahmar.com,qamaralahmar.com,live,https://qamaralahmar.com,Qamar Al Ahmar
deira-Al Murar-dubai,Dubai,info@tht.ae,tht.ae,live,http://tht.ae,THT l THREE HEROS TRADING
Kirabira Abbey,Dubai,hgrs.fbreservation@habtoorhospitality.com,habtoorhospitality.com,live,https://habtoorhospitality.com,Luxury Hotels in the UAE | Al Habtoor Hospitality
Ni,Dubai,Info@nidesigngroup.com,nidesigngroup.com,live,https://nidesigngroup.com,Nabil Issa
Secret Alleyway me11,Abu Dhabi,moi@moi.gov.ae,moi.gov.ae,live,https://moi.gov.ae,
Abdien,Abu Dhabi,Customerservice@adib.ae,adib.ae,live,https://adib.ae,"Financial &amp; Banking Services In The UAE Cards, Financing, Accounts And More  | ADIB Abu Dhabi Is"
Xxxxd,Sharjah,sedd@sedd.gov.ae,sedd.gov.ae,live,https://sedd.gov.ae,الرئيسية - SEDD
A,Sharjah,corporate-csu@mashreq.com,mashreq.com,live,https://mashreq.com,Radware Captcha Page
AUS Winter Village,Sharjah,info@bestindustries.ae,bestindustries.ae,live,https://bestindustries.ae,Best Industries
مستشفى لطيفة,Ajman,Contactus@dubaihealth.ae,dubaihealth.ae,live,https://dubaihealth.ae,"Our Network - Hospitals, Health &amp; Medical Centers | Dubai Health"
Ras Al Khaimah Mangroves,Ras Al Khaimah,info@mun.rak.ae,mun.rak.ae,live,https://mun.rak.ae,دائرة بلدية رأس الخيمة
Blackrose Abaya Shop,Fujairah,info@blackroseabayas.co.za,blackroseabayas.co.za,live,https://blackroseabayas.co.za,"Home | Islamic Wear for Women | Buy Abayas, Scarves &amp; Pardahs Online"
AL ZAHRA ACCOUNTING,Sharjah,info@zahradocs.com,zahradocs.com,live,https://zahradocs.com,ZAHRA
Matrix Accounting &Tax Consulting,Ras Al Khaimah,info@matrix-acc.com,matrix-acc.com,no_site,,
"Accounting, Audit and attestation services",Umm Al Quwain,support@kgrnaudit.com,kgrnaudit.com,live,https://kgrnaudit.com,Audit Firms in Dubai UAE | Accounting Services in Dubai
……,Abu Dhabi,press@mediaoffice.abudha,mediaoffice.abudha,no_site,,
Dr. Aysha Al Khazraji Auditing Office LLC ( Dubai Auditors ),Sharjah,contact@malaliauditing.com,malaliauditing.com,live,https://malaliauditing.com,
Loyal Accounting Services,Ajman,info@pinascargo.com,pinascargo.com,live,https://pinascargo.com,Pinas Express | Cargo &amp; Clearing LLC &#8211; Your No.1 trusted Balikbayan company in UAE
"AL MIZAN TAX CONSULTANT LLC - Auditing Service, TAX Agent, VAT service, VAT Auditing.",Ras Al Khaimah,info@almizangroup.com,almizangroup.com,live,https://almizangroup.com,Al Mizan Tax Consultants
New Central Poly Clinic,Sharjah,NO@EMAIL.ADDRES,email.addres,no_site,,
玉嫂中医按摩,Ajman,info@bodyandsoulhealthclub.com,bodyandsoulhealthclub.com,live,https://bodyandsoulhealthclub.com,Body &amp; Soul Health Club &amp; Spa - Feel the Difference
Bloom Medical Center - مركز بلوم الطبى,Ras Al Khaimah,info@alweammedical.center,alweammedical.center,live,https://alweammedical.center,مركز الوئام الطبي للصحة الشاملة
Sansaya Clinic Umm Al Quwain,Umm Al Quwain,info@sansayaclinic.com,sansayaclinic.com,parked,https://sansayaclinic.com,Justice Website is under construction
Umm Al-Quwain Medical Center,Umm Al Quwain,info@ehs.gov.ae,ehs.gov.ae,no_site,,
Tackmix Adhesive Manufacturing,Dubai,sales@tackmix.ae,tackmix.ae,live,https://tackmix.ae,TACKMIX &#8211; Adhesive Manufacturing
NAPCO Adhesives,Sharjah,napco@eim.ae,eim.ae,live,https://eim.ae,
Universal adhesive mat. Dibba-fujairah,Fujairah,info@fda.gov.ph,fda.gov.ph,no_site,,
Marketing Agency UAE,Abu Dhabi,corporate@eightysixmedia.ae,eightysixmedia.ae,live,https://eightysixmedia.ae,"Digital Marketing Agency in Abu Dhabi, UAE | Digital Marketing"
Ashweb Solution,Fujairah,info@ashweb.co,ashweb.co,no_site,,
Al Tamayuz Advertising,Umm Al Quwain,sales@altamyz.ae,altamyz.ae,live,https://altamyz.ae,ALTAMYZ Advertising LLC &#8211; Committed to provide Excellent Service Always&#8230;.
PERFECT IMAGE ADVERTISING,Umm Al Quwain,info@perfectsolutionsuae.com,perfectsolutionsuae.com,live,https://perfectsolutionsuae.com,Perfect Solutions
خطاط ماكس Sign Max,Umm Al Quwain,sales@injectmax.com,injectmax.com,live,https://injectmax.com,Home - Injectmax Plastic
PIXEL ADVERTISING,Umm Al Quwain,info@pixeladvertisingllc.com,pixeladvertisingllc.com,live,https://pixeladvertisingllc.com,Pixel Advertising - Home
ALPHABLACKY MEDIA PRODUCTIONS,Dubai,info@abcmediaproduction.com,abcmediaproduction.com,live,https://abcmediaproduction.com,ABC Media Production: Media Production house in Dubai
Moon Light Photography Studio Abu Dhabi,Abu Dhabi,recruitment@abba.ph,abba.ph,live,https://abba.ph,ABBA Personnel Services Inc. | overseas recruitment | 11th Floor Goldloop Tower A Escriva Drive Orti
Tek Studio,Sharjah,tec2000@emirates.net.ae,emirates.net.ae,no_site,,
Alnawar Studio,Ajman,ogba@gjrealestate.ae,gjrealestate.ae,no_site,,
Nawras Studio,Ras Al Khaimah,info@alnawrasorg.ae,alnawrasorg.ae,live,https://alnawrasorg.ae,Al Nawras
AL SAA'H STUDIO,Ras Al Khaimah,info@spatial.aero,spatial.aero,live,https://spatial.aero,Spatial | Cabin Crew Training Equipment
Marwa studio Fujairah,Fujairah,info@marwa.ae,marwa.ae,live,https://marwa.ae,Welcome || MARWA - CCTV Surveillance Service and Networking in UAE
Shams Photography Fujairah,Fujairah,info@shamsphotography.com,shamsphotography.com,live,https://shamsphotography.com,Shams Photography &raquo; Bespoke Wedding Photography
Al Reem Studio,Fujairah,info@reemdesign.ae,reemdesign.ae,live,https://reemdesign.ae,Reem Design
Chop House Restaurant,Dubai,contact@chophouse.ae,chophouse.ae,no_site,,
Afro Express Restaurant,Dubai,info@explorerestaurant.com,explorerestaurant.com,live,https://explorerestaurant.com,"Best Restaurants in Pakistan | Menus, Deals &amp; Reviews"
Africana Home Restaurant Gold Land,Dubai,Info@africanahome.ae,africanahome.ae,no_site,,
West Side African Restaurant,Abu Dhabi,info@pinascargo.com,pinascargo.com,live,https://pinascargo.com,Pinas Express | Cargo &amp; Clearing LLC &#8211; Your No.1 trusted Balikbayan company in UAE
African Dishes Restaurant,Abu Dhabi,info@africandishesrestaurant.com,africandishesrestaurant.com,live,https://africandishesrestaurant.com,AfricanDishesRestaurant
AFRIFOOD RESTAURANT,Abu Dhabi,info@efi.ae,efi.ae,live,http://efi.ae,Home - Emirates Food Industries
Food Mountain Restaurant,Abu Dhabi,info@efi.ae,efi.ae,live,http://efi.ae,Home - Emirates Food Industries
O.G African kitchen,Sharjah,media@al-ghurair.com,al-ghurair.com,live,https://al-ghurair.com,Al-Ghurair - Service Notice
Bon Appetit,Fujairah,Umair.bonappetit@almulla.ae,almulla.ae,live,https://almulla.ae,Al Mulla
Family Emirates Home Nursing,Abu Dhabi,Contact@emirateshomenursing.ae,emirateshomenursing.ae,live,https://emirateshomenursing.ae,Home Nursing Services in Dubai | Emirates Home Nursing Services
Prestige Home Health Care Services,Abu Dhabi,info@prestigehomecare.ae,prestigehomecare.ae,no_site,,
Galaxy building,Ajman,info@gucae.com,gucae.com,live,https://gucae.com,Galaxy Universal General Contracting LLC. &#8211; Leading Construction Company in Abu Dhabi
Iqrar Elder Care-Ajman,Ajman,info@aqaar.com,aqaar.com,no_site,,
الجديد الثورة 2 العطشة,Ajman,80070@ajman.ae,ajman.ae,live,https://ajman.ae,Ajman Home | بوابة عجمان
بيت علي بن الرييل,Ras Al Khaimah,PSDCHC@psd.rak.ae,psd.rak.ae,live,https://psd.rak.ae,دائرة الخدمات العامة
Premium Tobacco,Ras Al Khaimah,compliance@premiumtobacco.biz,premiumtobacco.biz,no_site,,
Al Dar Building 46,Fujairah,CONTACTUS@DEYAAR.AE,deyaar.ae,live,https://deyaar.ae,Best Property Developer in Dubai | Deyaar Properties
مؤسسة الهلال الاحمر,Umm Al Quwain,Appsupport@rcuae.ae,rcuae.ae,live,https://rcuae.ae,Emirates Red Crescent
Yousef Saeed AlGhawi,Umm Al Quwain,sales@mfindllc.com,mfindllc.com,live,https://mfindllc.com,Bolt and Nut | Manufacture | MF Fastener Industries LLC
Seven Towers Construction Abudhabi,Abu Dhabi,matrix@matrixuae.ae,matrixuae.ae,live,https://matrixuae.ae,MATRIX
DAR AL IETEMAD A/C & REF. REPAIRING,Sharjah,c_care@eim.ae,eim.ae,live,https://eim.ae,
Sajid Mahmoud Air Conditioner Repair Dubai,Sharjah,Sm@theacservices.com,theacservices.com,no_site,,
"AL SAHEL Repair & Maintenance AC & Central Air Refining, Ltd",Ajman,alsahel2@emirates.net.ae,emirates.net.ae,no_site,,
Dr. Cool air conditioning and refrigeration,Ras Al Khaimah,cdo@eccp.com,eccp.com,live,https://eccp.com,European Business Community in the Philippines
AL Baraq Electrotechnical Works,Ras Al Khaimah,electrorak@electrorak.com,electrorak.com,live,https://electrorak.com,ERAK GROUP | Home
Fujico Heating And Cooling Solutions,Fujairah,info@fujicosolutions.com,fujicosolutions.com,live,https://fujicosolutions.com,Professional HVAC Services | Heating &amp; Air Conditioning Installation &amp; Repair
Majestic electromechanical,Fujairah,info@majesticelectical.com,majesticelectical.com,no_site,,
A ONE ELECTROMECHANICAL CONT,Fujairah,infofnem@fng.ae,fng.ae,live,https://fng.ae,Fujairah National Group
AKHWAN ELECTRO MECHNICAL HVAC WORKS LLC,Umm Al Quwain,sales@airprome.com,airprome.com,live,https://airprome.com,AIRPRO
AC Maintenance & Repairing Services in Dubai,Dubai,sales@theprimecrew.com,theprimecrew.com,live,https://theprimecrew.com,"All Types Renovations Services in Dubai, UAE | Prime Crew"
Ac maintenance MEP servies,Fujairah,infofnem@fng.ae,fng.ae,live,https://fng.ae,Fujairah National Group
Arshad Mehmood technical services,Umm Al Quwain,Enquiry@aedhs.com,aedhs.com,live,https://aedhs.com,"Supplier of Test &amp; Measurement, Medical, Emergency Response Instruments in UAE | Dubai, Abu Dhab"
S3 SERVICES,Dubai,info@s3technicalservices.com,s3technicalservices.com,live,https://s3technicalservices.com,S3 - Technical Services
HydroGulf LLC,Abu Dhabi,info@hydroflexuae.ae,hydroflexuae.ae,live,https://hydroflexuae.ae,Hydroflex Technical Services &#8211; Best Technical Services In Abu Dhabi- UAE
BRIXTON General Maintenance,Abu Dhabi,info@basmala.ae,basmala.ae,live,https://basmala.ae,Account Suspended
ClearPath Duct Cleaning,Sharjah,cdo@eccp.com,eccp.com,live,https://eccp.com,European Business Community in the Philippines
Zenith Advanced Cleaning Solutions,Ajman,Info@zenithacs.com,zenithacs.com,no_site,,
Al fairooz central A/C الفيروز للمكيفات,Ras Al Khaimah,info@alfairooz.ae,alfairooz.ae,live,https://alfairooz.ae,Al Fairooz
Abu Sultan General Cleaning Services LLC,Ras Al Khaimah,abusultn@emirates.net.ae,emirates.net.ae,no_site,,
Select My Flight,Sharjah,info@selectmyflight.com,selectmyflight.com,live,https://selectmyflight.com,Select My Flight
"RT Travels And Cargo L.L.C, AJMAN",Ajman,info@uae-shipping.net,uae-shipping.net,live,https://uae-shipping.net,"UAE Marine, Ports, Offshore and Shipping Directory"
Al Raha Travels,Ras Al Khaimah,Info@alrahatours.com,alrahatours.com,live,https://alrahatours.com,Best Tour Operators in Sharjah | Travel Agency in Sharjah
Fujairah National Air Travel Agency,Fujairah,Fnatafjr@emirates.net.ae,emirates.net.ae,no_site,,
Hala Tourism LLC,Fujairah,info@tourism.fujairah.ae,tourism.fujairah.ae,live,https://tourism.fujairah.ae,Fujairah Tourism - DISCOVER
ALSAFEENA TRAVELS & CARGO,Umm Al Quwain,hari@alsafifalcongroup.com,alsafifalcongroup.com,live,https://alsafifalcongroup.com,"Leading Cookware Trading & Distribution Company in Dubai, UAE, Plasticware, Sunpet Jars and Kitchenw"
Marhaba Travels,Umm Al Quwain,marhaba@marhabaservices.com,marhabaservices.com,live,https://marhabaservices.com,"Airport Meet &amp; Greet and Lounge Services in Dubai, UAE - marhaba"
Lulu Metro Travels and Cargo - UAQ,Umm Al Quwain,info@malluaq.ae,malluaq.ae,live,http://malluaq.ae,Mall of UAQ | UAQ Mall
Ahlan Travels,Umm Al Quwain,info@kurinjirestaurant.com,kurinjirestaurant.com,live,https://kurinjirestaurant.com,Kurinji Restaurant at UAE &#8211; www.kurinjirestaurant.com
Limousine Service Abu Dhabi,Abu Dhabi,info@joyfuljourneylimo.com,joyfuljourneylimo.com,live,https://joyfuljourneylimo.com,Joyful Journey Limo Passenger Transport Via Luxury Cars
Click Passenger Buses Transport,Sharjah,info@clicktransportsharjah.com,clicktransportsharjah.com,live,https://clicktransportsharjah.com,Click Passenger Buses Transport
Sharjah Airport The Hotel (Managed by ALPHA FLIGHT SERVICES UAE LLC),Sharjah,info@sharjahairport.ae,sharjahairport.ae,live,https://sharjahairport.ae,المسافرون - مطارالشارقة
Ajman Bus Stop,Ajman,80070@ajman.ae,ajman.ae,live,https://ajman.ae,Ajman Home | بوابة عجمان
Al Hamra Bus Stop For RAK Airport & City,Ras Al Khaimah,info@rakta.gov.ae,rakta.gov.ae,live,https://rakta.gov.ae,RAK Transport Authority
Al ghail passenger transport by. Rental buses,Ras Al Khaimah,hello@dotlimo.com,dotlimo.com,live,https://dotlimo.com,DotLimo.com | The World's Premier Limo &amp; Luxury Transportation Directory
Al Hamra,Ras Al Khaimah,info@alhamradecor.com,alhamradecor.com,live,https://alhamradecor.com,Home - ALHamra
ارقام الفجيرة,Fujairah,info@fu.ac.ae,fu.ac.ae,live,https://fu.ac.ae,Fujairah University | Accredited Programs in UAE | Apply Now
Swat transport,Umm Al Quwain,Info@swattransport.ae,swattransport.ae,live,https://swattransport.ae,"Wadi Swat Bus Rental Dubai LLC &#8211; Bus Rental Service in Dubai, Sharjah, Ajman and Abu Dhabi"
umm al quwain taxi service Ahmed,Umm Al Quwain,info@egtcargo.com,egtcargo.com,no_site,,
"Bynuna Military & Hunting Equipment Trading LLC Showroom, Al Ain",Abu Dhabi,javed@bynuna.ae,bynuna.ae,parked,https://bynuna.ae,BYNUNA Military & Hunting Equipment Trading LLC - Coming Soon
البرق لتصليح الاسلحة ومستلزمات الصيد والرماية,Ras Al Khaimah,info@pepsidrc.ae,pepsidrc.ae,no_site,,
ALFAIN SPORTS,Ras Al Khaimah,info@ace-me.com,ace-me.com,minimal,http://ace-me.com,
هاتريك للرياضه Hattrick Sports,Ras Al Khaimah,info@ace-me.com,ace-me.com,minimal,https://ace-me.com,
ALFA SPORTS,Ras Al Khaimah,info@leminar.ae,leminar.ae,live,http://leminar.ae,Leminar Global - Leading Air Conditioning Company in UAE
AL FUJAIRAWI SPORTS LLC,Fujairah,info.mkt@fng.ae,fng.ae,live,https://fng.ae,Fujairah National Group
BAHRAIN ALUMINIUM EXTRUSION CO (BALEXCO) (DUBAI BRANCH),Dubai,balexco@emirates.net.ae,emirates.net.ae,no_site,,
Mercury Aluminium,Dubai,info@arifcouae.com,arifcouae.com,live,https://arifcouae.com,Arifco Group | The most reputed construction group
Reem Emirates Aluminum,Abu Dhabi,info@reememirates.ae,reememirates.ae,live,https://reememirates.ae,Reem Emirates Aluminium
Iqra Aluminium & Glass Work & Steel L.L.C,Abu Dhabi,info@iqraaluminiumandglassworks.com,iqraaluminiumandglassworks.com,live,https://iqraaluminiumandglassworks.com,Iqra Aluminium and Glass Works
East Coast Aluminum Factory / Office,Fujairah,cdo@eccp.com,eccp.com,live,https://eccp.com,European Business Community in the Philippines
الدولية الالومنيوم والزجاج,Fujairah,info.mkt@fng.ae,fng.ae,live,https://fng.ae,Fujairah National Group
Al Mijdaf Aluminium Factory LLC,Umm Al Quwain,info@almijdaf.com,almijdaf.com,no_site,,
AL HAMAD ALUMINIUM EXTRUSION FACTORY LLC,Umm Al Quwain,alhamadx@emirates.net.ae,emirates.net.ae,no_site,,
AL TAQWA ALUMINIUM & GLASS CONT LLC,Sharjah,taqwallc@emirates.net.ae,emirates.net.ae,no_site,,
AL ALMAS ALUMINUM & GLASS,Ras Al Khaimah,sales@alsalamaluminium.com,alsalamaluminium.com,live,https://alsalamaluminium.com,Al Salam Aluminium LLC - Premium Aluminum Products for Every Prupose
العربية للالمنيوم_Al arabiah aluminium,Ras Al Khaimah,info@alarabialuminium.com,alarabialuminium.com,live,https://alarabialuminium.com,Al-Arab Aluminium And Rolling Shutters Mfg. &amp; Wrought Iron
Al thoraya Aluminium,Ras Al Khaimah,sales@alsalamaluminium.com,alsalamaluminium.com,live,https://alsalamaluminium.com,Al Salam Aluminium LLC - Premium Aluminum Products for Every Prupose
Style Aluminium,Ras Al Khaimah,danarak@emirates.net.ae,emirates.net.ae,no_site,,
Al AHLI ALUMINUM AND GLASS WORK SHOP,Umm Al Quwain,admin@alahli-aluminium.com,alahli-aluminium.com,live,https://alahli-aluminium.com,alahli-aluminium.com
FUN DRIVE فن درايف,Fujairah,fundrive@gulfnews.com,gulfnews.com,live,https://gulfnews.com,"Gulf News: Latest UAE news, Dubai news, Business, travel news, Dubai Gold rate, prayer time, cinema"
فن لاند,Fujairah,info.mkt@fng.ae,fng.ae,live,https://fng.ae,Fujairah National Group
Darkin Fujairah,Fujairah,mail@egov.fujairah.ae,egov.fujairah.ae,no_site,,
"منطقة المرح ,fun zone",Fujairah,info@funzonedu.com,funzonedu.com,live,https://funzonedu.com,Home - Funzone
My Play Zone LLC,Umm Al Quwain,Info@showracksdubai.com,showracksdubai.com,no_site,,
A CAVE,Umm Al Quwain,info@pinascargo.com,pinascargo.com,live,https://pinascargo.com,Pinas Express | Cargo &amp; Clearing LLC &#8211; Your No.1 trusted Balikbayan company in UAE
Soul Veterinary Clinic - عيادة سول البيطرية,Ajman,Info@soulvet.ae,soulvet.ae,live,https://soulvet.ae,Soul Vet &#8211; The most advanced vet clinic in UAE
RAK Veterinary Center,Ras Al Khaimah,info@petsguide.ae,petsguide.ae,live,https://petsguide.ae,Your Pet Guide in the UAE | PetsGuide
Dr. Jimmy Vet Clinic عيادة د/جيمي البيطرية,Ras Al Khaimah,hello@petsguide.ae,petsguide.ae,live,https://petsguide.ae,Your Pet Guide in the UAE | PetsGuide
Pet Care Clinic,Ras Al Khaimah,rakawc@psd.rak.ae,psd.rak.ae,live,https://psd.rak.ae,دائرة الخدمات العامة
AL-RAYAH AL-BAYDHAA VET. CLINICS - عيادات الراية البيضاء البيطرية -فرع دبا الفجيرة,Fujairah,Enquiry@aedhs.com,aedhs.com,live,https://aedhs.com,"Supplier of Test &amp; Measurement, Medical, Emergency Response Instruments in UAE | Dubai, Abu Dhab"
Shelter,Dubai,reservation.dubai@mamashelter.com,mamashelter.com,live,https://mamashelter.com,"Mama Shelter - Design bedrooms, unique Restaurants, Bars &amp; Rooftops"
وادي الدان للمواشي,Sharjah,careers@danagas.com,danagas.com,live,https://danagas.com,
Cats fostering Dubai استضافة قطط,Sharjah,Scads@epaa.shj.ae,epaa.shj.ae,no_site,,
عزبة باقرين الحضرمي 2,Sharjah,info@bestindustries.ae,bestindustries.ae,live,https://bestindustries.ae,Best Industries
rfruae_rescue.foster.rehome,Ajman,adopt@rfruae.com,rfruae.com,no_site,,
.,Ras Al Khaimah,info@rakports.ae,rakports.ae,live,https://rakports.ae,RAK Ports
Al Mayya Group,Fujairah,Hwagyu@almayyagroup.ae,almayyagroup.ae,no_site,,
House Of Pets,Fujairah,Petshome@eim.ae,eim.ae,live,https://eim.ae,
Animal Care Centre,Fujairah,Accvet@emirates.net.ae,emirates.net.ae,no_site,,
Fetched,Dubai,info@dogfetched.com,dogfetched.com,live,https://dogfetched.com,"Dog Fetched - Quality Dog Products, Tips, Reviews, and Pet Event Info"
Infamous Studios,Dubai,Info@infamous-studio.com,infamous-studio.com,live,https://infamous-studio.com,Explainer Video Making Company | Animated Video Makers Dubai
Qaws Studio,Ajman,ogba@gjrealestate.ae,gjrealestate.ae,no_site,,
Mataflax Media LLC FZC,Ajman,info@mataflax.com,mataflax.com,no_site,,
Antique Boutique,Dubai,Jd@antikadubai.com,antikadubai.com,live,https://antikadubai.com,Home | Antikadubai
ALSAFI COINS,Ajman,info@alsafifalcongroup.com,alsafifalcongroup.com,live,https://alsafifalcongroup.com,"Leading Cookware Trading & Distribution Company in Dubai, UAE, Plasticware, Sunpet Jars and Kitchenw"
ROKN AL HEWAYAT,Ajman,info@rabdanauctions.com,rabdanauctions.com,live,https://rabdanauctions.com,Rabdan Auctions
تراثيات اجدادي,Ras Al Khaimah,onlineshop@kludi.com,kludi.com,live,https://kludi.com,KLUDI – Premium Bathroom &amp; Kitchen Fittings for Modern Living
Al Afrrah novelties,Ras Al Khaimah,info@afrahtobacco.com,afrahtobacco.com,live,https://afrahtobacco.com,Afrah Tobacco
Gulf House Sculptures البيت الخليجي للتحف,Ras Al Khaimah,ar@wvc.pshs.edu.ph,wvc.pshs.edu.ph,no_site,,
التاج للتحف والفضة,Ras Al Khaimah,contactus@rakbank.ae,rakbank.ae,live,https://rakbank.ae,"RAKBANK | Your Best Banking Partner in UAE for Personal, Business, Wholesale and Islamic Banking"
Abu Sultan Pottery & Antiques Gifts Shop,Fujairah,info@tourism.fujairah.ae,tourism.fujairah.ae,live,https://tourism.fujairah.ae,Fujairah Tourism - DISCOVER
