name,search_category,google_category,city,address,phone,rating,reviews,has_website,found_date
Al Mukhtar Bakery,bakeshop,Bakery,Sharjah,"G Floor,Al Bustan Tower,Block B Al Etihad Road - Sharjah - United Arab Emirates",+971 6 554 0234,4.4,"5,660",No,2026-03-01
Authentic Baked Goods,bakeshop,Bakery,Ajman,al jurf 2 - 24 St - nearby National School - Al Jerf 2 - Ajman - United Arab Emirates,+971 6 527 1111,4.4,259,No,2026-03-01
AL MUKHTAR BAKERY,bakeshop,Bakery,Ajman,Al Rashidiya 3 - Ajman - United Arab Emirates,+971 6 744 6866,4.3,"1,882",No,2026-03-01
Al Sorour Bakeries - Al Nuaimia Branch,bakeshop,Bakery,Ajman,Al Kuwait Street - Al Nuaimia 1 - Ajman - United Arab Emirates,+971 6 741 1040,4.4,"1,076",No,2026-03-01
Emirates Modern Bakery,bakeshop,,Ras Al Khaimah,Dahan - Ras Al Khaimah - United Arab Emirates,+971 56 878 7817,4.4,631,No,2026-03-01
Al Reem Bakery LLC - RAK - Br1,bakeshop,Bakery,Ras Al Khaimah,Oppsite My City center - Al Wiam St - Al Dhait - Al Dhait South - Ras Al Khaimah - United Arab Emirates,+971 58 509 8995,4.7,19,No,2026-03-01
CakeAlTaybeen - Ras Al Khaimah كيك الطيبين - رأس الخيمة,bakeshop,Cake shop,Ras Al Khaimah,dhan road - Dahan - Ras Al Khaimah - United Arab Emirates,+971 52 152 2557,4.3,64,No,2026-03-01
PAPAS BITE BAKE,bakeshop,Cake shop,Fujairah,opposite higher college of technology of women - Al Faseel - Fujairah - United Arab Emirates,+971 52 301 9251,5.0,28,No,2026-03-01
Sevan Bakery,bakeshop,Bakery,Fujairah,48CQ+M8H - Hamad Bin Abdulla Road - opp. ADCB Bank E89 - Mraisheed - Fujairah - United Arab Emirates,+971 9 223 8448,4.2,397,No,2026-03-01
Taiba pastry restaurant,bakeshop,,Umm Al Quwain,Al Riqqah - Al Dar Al Baidaa - Emirate of Umm Al Quwain - United Arab Emirates,+971 6 766 6713,4.1,211,No,2026-03-01
ARABIAN SAMOOSA BAKERY,bakeshop,Bakery,Umm Al Quwain,GH2G+7P3 - Al Salmah - Al Salamah 1 - Emirate of Umm Al Quwain - United Arab Emirates,+971 56 426 3439,4.2,50,No,2026-03-01
The Bakery House,bakeshop,Cookies,Umm Al Quwain,Altl street - Al Suehat 2 - Emirate of Umm Al Quwain - United Arab Emirates,+971 56 125 3201,4.8,44,No,2026-03-01
Fine Look Car Care,car wash,Car wash,Dubai,9A St - opp. Cars Vehicle testing center - Al Khabeesi - Deira - Dubai - United Arab Emirates,+971 56 962 8626,4.7,"1,734",No,2026-03-01
New Diamond Palace Car Wash,car wash,Car wash,Abu Dhabi,Electra Street - Al Danah - Zone 1 - Abu Dhabi - United Arab Emirates,+971 50 256 1353,4.5,34,No,2026-03-01
Sharjah Auto Service Centre,car wash,Car wash,Sharjah,Sharjah - United Arab Emirates,+971 50 484 0066,3.9,393,No,2026-03-01
777 Cars Polishing & Washing LLC - SP,car wash,Car wash,Sharjah,A-9 University City Rd - behind Eat & Drink Restaurant - Industrial Areas - Industrial Area - Sharjah - United Arab Emirates,+971 58 582 5777,4.0,170,No,2026-03-01
Al Qassimiya Auto car wash,car wash,Car wash,Sharjah,50 Sheikh Saqr Bin Khalid Al Qasimi St - Al Mahatta - Hay Al Qasimiah - Sharjah - United Arab Emirates,+971 52 846 8337,3.7,115,No,2026-03-01
Zahrat Al Bustan Car wash,car wash,Car wash,Sharjah,behind Al zahra cars washing - Industrial Area 4 - Industrial Area - Sharjah - United Arab Emirates,+971 58 262 3389,4.1,244,No,2026-03-01
Biba Car Wash Service,car wash,Car wash,Sharjah,8CP4+XWP - Sheikh Khalifa Bin Zayed Al Nahyan Rd - Industrial Area 4 - Industrial Area - Sharjah - United Arab Emirates,+971 6 534 0558,4.4,410,No,2026-03-01
TotalEnergies Ajman Beach Car Care Center,car wash,Car wash,Ajman,Sheikh Rashid Bin Humeed St - Al Owan - Al Nakhil 2 - Ajman - United Arab Emirates,+971 50 362 6644,4.0,446,No,2026-03-01
Standard Car Services,car wash,Car wash,Ajman,Gharnatah St - Ajman Industrial 1 - Ajman - United Arab Emirates,+971 56 809 9889,4.1,224,No,2026-03-01
Al Rashidia Car Washing and Accessories,car wash,Car wash,Ajman,9FV7+6Q6 - Al Rashidiya 1 - Ajman - United Arab Emirates,+971 58 559 2155,4.6,10,No,2026-03-01
AL jabal AL aali cars washing and Services الجبل العالي لغسيل وتلميع السيارات,car wash,Car wash,Ajman,الشيخ راشد بن عبدالعزيز - Al Jerf 2 - Ajman - United Arab Emirates,+971 52 180 0891,4.1,42,No,2026-03-01
Profection Car Wash,car wash,,Ras Al Khaimah,Al Dhait - Ras Al Khaimah - United Arab Emirates,+971 50 951 8818,3.7,81,No,2026-03-01
Auto Clean Car Washing,car wash,Car wash,Ras Al Khaimah,Al Araibi - Ras Al Khaimah - United Arab Emirates,+971 50 267 7878,4.5,93,No,2026-03-01
AL GHAWAS WASHING & POLISHING & CAR ACCESSORIES,car wash,Car wash,Ras Al Khaimah,Sheikh Mohammed bin Salem St - Al Dhait - Ras Al Khaimah - United Arab Emirates,+971 50 373 7323,3.7,277,No,2026-03-01
Waless car wash,car wash,,Ras Al Khaimah,Al Dhait - الظيت الجنوبي - Ras Al Khaimah - United Arab Emirates,+971 7 222 8868,4.2,219,No,2026-03-01
اكس ون لغسيل وتلميع السيارات xone washing cars,car wash,Car wash,Ras Al Khaimah,163 Bin Majid St - Al Maireed - Ras Al Khaimah - United Arab Emirates,+971 56 627 1719,3.7,111,No,2026-03-01
APPLE AUTO CARE,car wash,Car detailing service,Fujairah,Airport Road - merashid area - Mraisheed - Fujairah - United Arab Emirates,+971 50 288 6112,5.0,23,No,2026-03-01
Abu soliman car wash Fujairah sakamkam,car wash,,Fujairah,Skamkam - Fujairah - United Arab Emirates,+971 55 320 9066,4.9,71,No,2026-03-01
Alsharq Car Wash & Detailing Services,car wash,Car wash,Fujairah,48XW+RC9 - Al Faseel St - Al Sharyah - Fujairah - United Arab Emirates,+971 54 380 2020,4.3,58,No,2026-03-01
Grace Cars Care,car wash,Car wash,Fujairah,Al Faseel Rd(E99) - Al Sharyah - Fujairah - United Arab Emirates,+971 55 115 2370,4.8,104,No,2026-03-01
Bab Al Rayan car wash and oil change,car wash,Car wash,Fujairah,Fujairah al hail industrial area - Mohamed Bin Zayed City - Fujairah - United Arab Emirates,+971 50 941 2647,5.0,10,No,2026-03-01
Laser car wash,car wash,Car wash,Umm Al Quwain,fish market - Al Bootain - Al Hamrah - Emirate of Umm Al Quwain - United Arab Emirates,+971 50 174 8700,4.6,61,No,2026-03-01
Twaddan Car Wash | تودَّن لغسيل السيارات,car wash,Car wash,Umm Al Quwain,Mktaa St - Al Muqta - Al Muqta 3 - Emirate of Umm Al Quwain - United Arab Emirates,+971 50 320 3243,4.3,9,No,2026-03-01
Emperor Car wash & Polishing,car wash,Car wash,Umm Al Quwain,3 Industerial Area 3 - Umm Al Quwain - United Arab Emirates,+971 55 330 0903,4.7,52,No,2026-03-01
Xtreme car care,car wash,Car wash,Umm Al Quwain,al jeddah ST - Umm Al Quwain - United Arab Emirates,+971 58 677 2258,4.6,61,No,2026-03-01
Grand Car Wash,car wash,Car wash,Umm Al Quwain,HH42+M6M - Al Riqqah - Al Reqqah - Emirate of Umm Al Quwain - United Arab Emirates,+971 50 314 7999,3.7,36,No,2026-03-01
813 car polshing,car wash,Car wash,Umm Al Quwain,Al siraj street - Al Salmah - Al Salamah 1 - Emirate of Umm Al Quwain - United Arab Emirates,+971 56 577 7812,3.8,54,No,2026-03-01
Apex Automobiles Car Repairing &Ac Service,motor repair shop,,Abu Dhabi,Al Danah - Zone 1 - Abu Dhabi - United Arab Emirates,+971 56 550 4655,4.8,61,No,2026-03-01
ELECTRO CRAFT Electric motor rewinding and pump repairing centre,motor repair shop,Electric motor repair shop,Sharjah,behind PAN EMIRATES FURNITURE - Industrial Area 4 - Industrial Area - Sharjah - United Arab Emirates,+971 52 864 2322,4.3,16,No,2026-03-01
Al Bayadh Garage,motor repair shop,Auto repair shop,Ajman,44 Amr Ibn El Aas St - opposite to Baithak Restaurant - Industrial area 2 - Ajman - United Arab Emirates,+971 55 119 9065,4.5,465,No,2026-03-01
Master Electrical Engines Repair,motor repair shop,Electric motor repair shop,Ajman,9FRQ+GMX - Amman Road - Ajman Industrial 1 - Ajman - United Arab Emirates,+971 55 746 6189,4.8,6,No,2026-03-01
MOTOR WORLD WORKSHOP -AJMAN,motor repair shop,Car repair and maintenance service,Ajman,9FGG+XVR - Amr Ibn El Aas St - Ajman Industrial 2 - Ajman - United Arab Emirates,,4.8,179,No,2026-03-01
HAFEEZ GARAGE MECHANICAL WORK ELECTRIC REPAIRING DENTING & PAINTING RADIATOR SERVICE AND REPAIR,motor repair shop,Auto repair shop,Ajman,Manama street - near Noor Talal Ajman - New Industrial Area - Ajman - United Arab Emirates,+971 56 837 1081,4.9,126,No,2026-03-01
حمود لصيانة كهرباء و ميكانيكي السيارات Hamoud Auto Electric,motor repair shop,Electric motor repair shop,Ajman,132 Amman Street - Ajman Industrial 1 - Ajman - United Arab Emirates,+971 50 497 9273,3.9,17,No,2026-03-01
Ajman alridaa garage,motor repair shop,Auto repair shop,Ajman,9FJP+9MV - Al Mulla Carpentry Rd - Ajman Industrial 1 - Ajman - United Arab Emirates,+971 52 345 8646,4.8,67,No,2026-03-01
Extreme Motors Garage,motor repair shop,,Ras Al Khaimah,Al Juwais - Ras Al Khaimah - United Arab Emirates,,4.6,45,No,2026-03-01
Alasta Garage Auto Mechanics (Repairing),motor repair shop,Auto repair shop,Ras Al Khaimah,1 84D St - Al Kharan - Ras Al Khaimah - United Arab Emirates,+971 56 331 1310,4.8,28,No,2026-03-01
Al Haram Auto Electrical & AC Repairing,motor repair shop,Auto repair shop,Ras Al Khaimah,1 84D St - Al Kharan - Ras Al Khaimah - United Arab Emirates,+971 50 165 7131,4.9,10,No,2026-03-01
AKTHER A/C REPAIRING MAINTENANCE,motor repair shop,,Fujairah,Al Hail Industrial - Fujairah - United Arab Emirates,+971 56 922 4346,5.0,1,No,2026-03-01
"Fahad Auto garage, car repair shop near fujairah, Tabby, card accepted here. garage near me, ورشة تصليح سيارات الفجيرة",motor repair shop,Auto repair shop,Fujairah,"G, block - opposite cars taxi - Al Hail Industrial - Fujairah - United Arab Emirates",+971 50 763 8335,4.8,90,No,2026-03-01
كراج عمر لاصلاح السيارات umar car repair,motor repair shop,Auto repair shop,Fujairah,Al Hail Industrial - Fujairah - United Arab Emirates,,4.9,18,No,2026-03-01
Al Nayef Car Accessories Car Battery Shop,motor repair shop,Car accessories store,Fujairah,Faham St - Al Mahattah - Fujairah - United Arab Emirates,+971 50 249 9460,5.0,424,No,2026-03-01
كارس لخدمات السيارات - CARS AUTO SERVICE,motor repair shop,Car repair and maintenance service,Umm Al Quwain,أم القيوين، المنطقة الصناعية القديمه - مقابل سوبر ماركت زمزم - Emirate of Umm Al Quwain - United Arab Emirates,+971 52 338 7787,4.2,135,No,2026-03-01
Al Hidayah car accessories,motor repair shop,Auto repair shop,Umm Al Quwain,12 - Emirate of Umm Al Quwain - United Arab Emirates,,5.0,11,No,2026-03-01
Tariq Workshop | Best garage in Umm Al Quwain | Top car repair and service centre Umm Al Quawain | UAE,motor repair shop,Auto repair shop,Umm Al Quwain,FHX3+J2 - Al Muqta - Al Muqta 1 - Emirate of Umm Al Quwain - United Arab Emirates,+971 56 204 9871,3.9,56,No,2026-03-01
Zinq Garage,motor repair shop,Auto repair shop,Umm Al Quwain,Al Kharj Street - Al Muqta - Al Muqta 1 - Emirate of Umm Al Quwain - United Arab Emirates,+971 58 538 0013,4.7,314,No,2026-03-01
Hi-Tec Motors,motor repair shop,Auto body shop,Umm Al Quwain,GH23+55Q - Al Muqta - Al Muqta 1 - Emirate of Umm Al Quwain - United Arab Emirates,+971 6 766 3063,4.3,11,No,2026-03-01
"3dmanzil - 3d printing, 3d scanning and scale model making company in dubai",3d printing service,,Dubai,4653+JM - Office#302 - behind Carlton Hotel - Al Barsha First - Al Barsha - Dubai - United Arab Emirates,,4.1,27,No,2026-03-01
3D PRINTDXB,3d printing service,,Sharjah,,+971 50 909 9515,5.0,4,No,2026-03-01
"Noor Al Ayn Graphics | Sharjah, UAE",3d printing service,Print shop,Sharjah,Umm Tarafa St - Al Ghuwair - Hay Al Gharb - Sharjah - United Arab Emirates,+971 52 867 3557,4.8,20,No,2026-03-01
Al Qimma Print L.L.C القمة للطباعة ذ.م.م,3d printing service,Commercial printer,Ajman,"University City Rd,Al Jurf 2,next to shiekh Khalifa Hospital - Ajman - United Arab Emirates",+971 50 717 1427,4.6,69,No,2026-03-01
Royal Diamond Printing Press LLC,3d printing service,Print shop,Ajman,38 شارع حاتم الطائي - Al Jerf 2 - Ajman - United Arab Emirates,+971 6 743 2545,4.2,162,No,2026-03-01
MVA 3d Accessories,3d printing service,,Ras Al Khaimah,villa 38a 19B St - Khuzam - Ras Al Khaimah - United Arab Emirates,+971 55 621 2797,5.0,1,No,2026-03-01
"iKix 3D Prints & Models Worldwide FZC - Architectural Model Making | Villa Models in UAE, Dubai",3d printing service,,Ras Al Khaimah,"Office F-8A, Business Centre 1, RAK Free Trade Zone, Al Nakheel, Ras Al Khaimah, UAE, 329067 - Ras Al Khaimah - United Arab Emirates",+971 55 625 7029,5.0,2,No,2026-03-01
Ras Al Khaimah National Printing Press,3d printing service,Print shop,Ras Al Khaimah,Khuzam Rd - Al Qussaidat - Ras Al Khaimah - United Arab Emirates,+971 7 228 1170,4.1,88,No,2026-03-01
Mr Copy For Digital Printing,3d printing service,Print shop,Fujairah,49W3+4G4 - Al Faseel - Fujairah - United Arab Emirates,+971 50 701 1850,2.0,4,No,2026-03-01
Popular Office Equipment Trading ( Copy centre ),3d printing service,,Fujairah,Mraisheed - Fujairah - United Arab Emirates,+971 9 224 1775,4.9,23,No,2026-03-01
Fujairah Print Pro,3d printing service,Digital printing service,Fujairah,Sallam Street - Al Ittihad - Fujairah - United Arab Emirates,+971 52 323 8789,4.7,3,No,2026-03-01
Fujairah National Printing Press,3d printing service,Digital printing service,Fujairah,48MM+W6R - شارع محمد بن مطر - Madab - Fujairah - United Arab Emirates,+971 9 222 3388,3.8,16,No,2026-03-01
Saad 3d Sign & Printing,3d printing service,,Umm Al Quwain,,+971 50 133 5639,5.0,5,No,2026-03-01
Emirates Modern Printing & Publishing Co,3d printing service,Print shop,Umm Al Quwain,GH53+GC6 - al maqta'a 2 - Al Muqta - Al Muqta 1 - Emirate of Umm Al Quwain - United Arab Emirates,+971 6 766 2300,4.9,14,No,2026-03-01
feel printings,3d printing service,,Umm Al Quwain,Block number 4 - Emirate of Umm Al Quwain - United Arab Emirates,+971 56 349 0212,1.0,1,No,2026-03-01
National Auto - Fiat & Abarth Showroom,abarth dealer,Car dealer,Dubai,City walk - Happiness St - Al Wasl - Dubai - United Arab Emirates,+971 800 3428,4.4,237,No,2026-03-01
ALFAHIM Group - مجموعة الفهيم,abarth dealer,Car dealer,Abu Dhabi,9G99+C43 - Mussafah M5 10th street / 17th Street intersecetion - Musaffah - M4 - Abu Dhabi - United Arab Emirates,+971 2 656 7000,4.1,385,No,2026-03-01
الصحراء الغربية - Mini Cooper fiat smart ميني كوبر فيات سمارت,abarth dealer,,Sharjah,Al Sajaa - Emirates Industrial City - Sharjah - United Arab Emirates,+971 54 440 3292,3.6,23,No,2026-03-01
Abbey Crescent 1,abbey,Apartment building,Dubai,26VX+M6M - Al Hebiah First - Up Town Motor City - Dubai - United Arab Emirates,,4.8,5,No,2026-03-01
All maha sewage and draining service,abbey,Abbey,Dubai,Hor Al Anz - Deira - Dubai - United Arab Emirates,+971 54 742 6661,5.0,1,No,2026-03-01
auga,abbey,Abbey,Dubai,13 St - Nadd Al Hamar - Dubai - United Arab Emirates,,5.0,1,No,2026-03-01
Lamsat amira,abbey,Abbey,Dubai,Escape Tower - Business Bay - Dubai - United Arab Emirates,+971 58 180 6289,,,No,2026-03-01
Mohammed Helal Uddin,abbey,Abbey,Dubai,27 12c St - Ayal Nasir - Deira - Dubai - United Arab Emirates,,4.8,4,No,2026-03-01
AL MUNER TEXTILE AND TRADING LLC,abbey,Abbey,Dubai,18 - 17 18th St - Ayal Nasir - Deira - Dubai - United Arab Emirates,+971 50 345 6271,4.5,4,No,2026-03-01
Abaya and more,abbey,Abbey,Dubai,12Streets Fraj - Al Murar - Dubai - United Arab Emirates,+971 52 373 4923,,,No,2026-03-01
GREEN PLAZA TRADING (L. L. C),abbey,Abbey,Dubai,"Al Manal Centre - Sabkha Bus Stand, Nr - Dubai - United Arab Emirates",+971 4 653 7572,5.0,1,No,2026-03-01
Qamr al ahlam fashion designing,abbey,Abbey,Dubai,Ayal Nasir - Dubai - United Arab Emirates,+971 58 173 8400,5.0,1,No,2026-03-01
deira-Al Murar-dubai,abbey,Abbey,Dubai,1 51 St - Al Murar - Dubai - United Arab Emirates,,4.4,5,No,2026-03-01
Coffee Planet Roastery FZE,abbey,Abbey,Dubai,"Nr Lufthansa Bldg, Mazaya Centre - Sheikh Zayed Rd - Al Wasl - Dubai - United Arab Emirates",+971 50 840 6690,5.0,1,No,2026-03-01
Al Rashad Aluminium & Metal Works Factory LLC,abbey,Abbey,Dubai,Opp Daily Restaurant - شارع دمشق - Al Garhoud - Dubai - United Arab Emirates,+971 4 267 0232,5.0,1,No,2026-03-01
Kirabira Abbey,abbey,,Dubai,Al Wasl - Dubai - United Arab Emirates,+971 55 235 6527,,,No,2026-03-01
Ni,abbey,Abbey,Dubai,Mohammed bin Rashid City - Meydan - Dubai - United Arab Emirates,,,,No,2026-03-01
Secret Alleyway me11,abbey,Abbey,Abu Dhabi,9 Al ʹAsheesh St - Mohamed Bin Zayed City - ME11 - Abu Dhabi - United Arab Emirates,,,,No,2026-03-01
Abdien,abbey,Abbey,Abu Dhabi,Al Manhal - W15 01 - Abu Dhabi - United Arab Emirates,+971 56 324 9288,,,No,2026-03-01
St.mary & Abou Sefein Coptic church - Sharjah,abbey,Church,Sharjah,20 Al Dhahak Bin Harethah St-26th St - Al Yarmook - Halwan - Sharjah - United Arab Emirates,,5.0,104,No,2026-03-01
Black bird abaya,abbey,Abbey,Sharjah,street - Al Shuwaiheen - Hay Al Gharb - Sharjah - United Arab Emirates,+971 52 788 1246,5.0,2,No,2026-03-01
Xxxxd,abbey,Abbey,Sharjah,أرض المستودعات - Maleha St - Industrial Area 13 - Industrial Area - Sharjah - United Arab Emirates,,,,No,2026-03-01
A,abbey,Abbey,Sharjah,"Industrial area 13 warehouse no 13 near ,old Pepsi company - Sharjah - United Arab Emirates",+971 58 107 6996,,,No,2026-03-01
AUS Winter Village,abbey,Abbey,Sharjah,American University - University City - Sharjah - United Arab Emirates,+971 50 656 9623,,,No,2026-03-01
مستشفى لطيفة,abbey,Monastery,Ajman,9GPV+6C3 - Al Muntazi 1 - Ajman - United Arab Emirates,,,,No,2026-03-01
Al zahabi sofa,abbey,,Ajman,Industrial Area 2 - Ajman - United Arab Emirates,+971 58 654 9379,,,No,2026-03-01
Fashion lady,abbey,,Ajman,Al Nakhil - Al Rumailah 1 - Ajman - United Arab Emirates,+971 52 724 3380,,,No,2026-03-01
Ras Al Khaimah Mangroves,abbey,Tourist attraction,Ras Al Khaimah,QWGR+C7F - Khoor Ras Al Khaimah - Ras Al Khaimah - United Arab Emirates,,4.7,9,No,2026-03-01
Blackrose Abaya Shop,abbey,Clothing store,Fujairah,49Q3+45W - Al Faseel Rd(E99) - Al Faseel - Fujairah - United Arab Emirates,+971 9 223 1771,4.3,7,No,2026-03-01
Al Bidya Mosque,abbey,Tourist attraction,Fujairah,C9Q3+JGW - Al Bidyah - Fujairah - United Arab Emirates,,4.7,"3,176",No,2026-03-01
The Mangrove Beach | شاطئ القرم,abbey,Tourist attraction,Umm Al Quwain,Khor Al Yeefrah - Emirate of Umm Al Quwain - United Arab Emirates,+971 50 844 0727,4.0,"2,109",No,2026-03-01
"FREELANCE ACCOUNTANT , BOOKKEEPING SERVICE PART TIME ACCOUNTANT",accountant,Accountant,Abu Dhabi,Ocean Terrace - Al Reem Island - MARINA SQUARE - Abu Dhabi - United Arab Emirates,+971 50 848 1422,5.0,86,No,2026-03-01
AL ZAHED TAX CONSULTANCY,accountant,Accounting firm,Sharjah,Al Wahda St - Al Darari Commercial - Industrial Area - Sharjah - United Arab Emirates,+971 55 522 0177,4.7,46,No,2026-03-01
AL ZAHRA ACCOUNTING,accountant,Accounting firm,Sharjah,Al Zahra'a Street - Al Ghuwair - Hay Al Gharb - Sharjah - United Arab Emirates,+971 6 595 1650,4.9,10,No,2026-03-01
Safe Accounting Services,accountant,Accounting firm,Ajman,9FMM+2WG - Unnamed Road - Ajman Industrial 1 - Ajman - United Arab Emirates,+971 54 389 5819,5.0,3,No,2026-03-01
Matrix Accounting &Tax Consulting,accountant,Tax consultant,Ras Al Khaimah,Al salhya building - Office 201 - Khuzam Rd - Al Juwais - Ras Al Khaimah - United Arab Emirates,+971 55 855 8592,5.0,28,No,2026-03-01
الحصن للمحاسبة و الإستشارات الضريبية - Al Hosn accounting and Tax Consultancy,accountant,,Ras Al Khaimah,Al Nakheel - Ras Al Khaimah - United Arab Emirates,+971 54 509 0021,5.0,19,No,2026-03-01
FM AUDITING AND BOOKKEEPING,accountant,Chartered accountant,Ras Al Khaimah,QXPW+35M - Seih Al Araibi - Ras Al Khaimah - United Arab Emirates,+971 7 223 5175,5.0,1,No,2026-03-01
Al Moatasem General Accounts,accountant,Financial audit,Fujairah,Fujairah trade center tower - 18 Hamad Bin Abdulla Road - Fujairah City Center - Fujairah - United Arab Emirates,+971 54 444 8016,5.0,5,No,2026-03-01
"AMGA Accounting, Taxation & Auditing, Dibba Fujairah",accountant,Tax consultant,Fujairah,Riffa - Dibba Al Fujairah - opp. China Market - Fujairah - United Arab Emirates,+971 50 683 3837,5.0,44,No,2026-03-01
"Accounting, Audit and attestation services",accountant,Chartered accountant,Umm Al Quwain,near senan hypermarket - Umm Dera - new industrial area - Emirate of Umm Al Quwain - United Arab Emirates,+971 56 642 6743,5.0,1,No,2026-03-01
……,accounting firm,,Abu Dhabi,Al Hisn - W6 - Abu Dhabi - United Arab Emirates,+971 50 646 1523,4.9,10,No,2026-03-01
Dr. Aysha Al Khazraji Auditing Office LLC ( Dubai Auditors ),accounting firm,Certified public accountant,Sharjah,"Park - Sute No 105, Al Mansoor Tower, Near Al Nahda - Sharjah - United Arab Emirates",+971 4 298 3828,4.4,8,No,2026-03-01
Loyal Accounting Services,accounting firm,Accounting firm,Ajman,Al Amirah Building - Corniche Road - Al Nakhil - Al Rumailah 1 - Ajman - United Arab Emirates,+971 50 641 3341,5.0,3,No,2026-03-01
محاسبة وضريبة واسترداد ضريبة مسكن,accounting firm,Accounting firm,Ras Al Khaimah,92 Al Rayat St - Al Dhait - الظيت الجنوبي - Ras Al Khaimah - United Arab Emirates,+971 54 448 0128,5.0,1,No,2026-03-01
"AL MIZAN TAX CONSULTANT LLC - Auditing Service, TAX Agent, VAT service, VAT Auditing.",accounting firm,Tax consultant,Ras Al Khaimah,"دائرة التنمية الاقتصادية راس الخيمة - Department of Economic Development - Room 306 , Union Tower Near Department of Economic Development - Ras Al Khaimah - United Arab Emirates",+971 50 244 4628,5.0,5,No,2026-03-01
Mohamed Alhammadi Accounts Auditing - MAAA,accounting firm,Auditor,Fujairah,Rugaylat Rd Near Port Of Fujairah - Fujairah - United Arab Emirates,+971 50 828 2888,,,No,2026-03-01
Global Accounting Services,accounting firm,Accounting firm,Fujairah,48MJ+G58 - Madab - Fujairah - United Arab Emirates,+971 58 912 2510,,,No,2026-03-01
Experts In Tax And Accounting-Mohamed Keshk -الخبراء للاستشارات الضريبية والحسابات العامة-محمد كشك,accounting firm,Certified public accountant,Fujairah,حمد بن عبدالله -بنايه الفيوا سابقا مكتب رقم 205 - Fujairah - United Arab Emirates,+971 56 109 0672,,,No,2026-03-01
Global accounting and taxation,accounting firm,Accounting firm,Umm Al Quwain,Al Masa 2 - King Faisal Street - Emirate of Umm Al Quwain - United Arab Emirates,+971 6 743 3366,,,No,2026-03-01
King China TCM Acupuncture Centre,acupuncture clinic,Acupuncture clinic,Dubai,Al Ameri Tower 401 - Barsha Heights - Dubai - United Arab Emirates,+971 55 652 6106,4.9,35,No,2026-03-01
Acupoint Complementary Medicine,acupuncture clinic,Alternative medicine practitioner,Abu Dhabi,Sofitel Hotel - Corniche Rd E - Al Danah - Zone 1 - Abu Dhabi - United Arab Emirates,+971 50 940 2905,4.9,70,No,2026-03-01
Specialized Chinese Naturopathy Centre,acupuncture clinic,Massage spa,Abu Dhabi,"Fatima Bint Mubarak Street (Najda and Electra Signal ) - Al Safa Supermarket Same Building. 2nd Floor, 205 - Abu Dhabi - United Arab Emirates",+971 50 763 9288,3.8,49,No,2026-03-01
New Central Poly Clinic,acupuncture clinic,Medical clinic,Sharjah,7CVR+4VV - Muwaileh Commercial - Industrial Area - Sharjah - United Arab Emirates,+971 6 535 3858,5.0,1,No,2026-03-01
Flow Medical Center and Physiotherapy - مركز فلو الطبي والعلاج الطبيعي,acupuncture clinic,Medical Center,Ajman,"Ittihad St Al Zorah, Villa 69 - Ajman - United Arab Emirates",+971 56 664 4454,4.6,90,No,2026-03-01
玉嫂中医按摩,acupuncture clinic,Acupuncture clinic,Ajman,Ajman grand Mall - Al Hamidiya 1 - Ajman - United Arab Emirates,+971 58 574 7888,,,No,2026-03-01
مركز فاطمة للطب البديل والعلاج الطبيعي,acupuncture clinic,Physical therapy clinic,Ras Al Khaimah,Al Montaser Street - Al Juwais - Ras Al Khaimah - United Arab Emirates,+971 50 110 3773,4.8,331,No,2026-03-01
Bloom Medical Center - مركز بلوم الطبى,acupuncture clinic,Medical clinic,Ras Al Khaimah,29 48F St - Sheikh Khalifa City - Ras Al Khaimah - United Arab Emirates,+971 55 996 6046,4.8,67,No,2026-03-01
FATHIMA AYURVEDA CENTER,acupuncture clinic,Alternative medicine practitioner,Fujairah,48FW+3FG - Merashid - Madhab Rd - Safad - Fujairah - United Arab Emirates,+971 50 825 0537,5.0,1,No,2026-03-01
Sansaya Clinic Umm Al Quwain,acupuncture clinic,Medical clinic,Umm Al Quwain,HH36+79H Imar Spa - Al Khor street - Al Khor - Al Khour 1 - Emirate of Umm Al Quwain - United Arab Emirates,+971 6 766 5880,4.5,2,No,2026-03-01
Umm Al-Quwain Medical Center,acupuncture clinic,Dental clinic,Umm Al Quwain,GGJR+F23 - Shk. Rashid Bin Saeed Al Maktoum St. - Al Bootain - الحمرة - ٢ - Emirate of Umm Al Quwain - United Arab Emirates,+971 6 766 5119,3.7,18,No,2026-03-01
Tackmix Adhesive Manufacturing,adhesives and glue supplier,Manufacturer,Dubai,P-Box-1978 - UMM-Alquiwain - Emirate of Umm Al Quwain - United Arab Emirates,+971 56 204 0602,5.0,21,No,2026-03-01
NAPCO Adhesives,adhesives and glue supplier,Manufacturer,Sharjah,NME - 1 4 - 17 - Industrial Area 6 - Industrial Area - Sharjah - United Arab Emirates,,3.0,2,No,2026-03-01
Al Fayez Paints and Adhesives Industries L.L.C.,adhesives and glue supplier,,Ajman,Ajman Industrial 2 - Ajman - United Arab Emirates,+971 55 445 2258,3.0,4,No,2026-03-01
Al Shamkha Building Materials,adhesives and glue supplier,,Ras Al Khaimah,Al Hudeeba - Ras Al Khaimah - United Arab Emirates,+971 7 243 1170,4.7,18,No,2026-03-01
Universal adhesive mat. Dibba-fujairah,adhesives and glue supplier,,Fujairah,Industrial Area - Dibba Industrial - Fujairah - United Arab Emirates,+971 50 276 4225,,,No,2026-03-01
Abeer Building Materials fujairah,adhesives and glue supplier,Building materials supplier,Fujairah,"GURFAH ROAD , OPPOSITE BISMI WHOLESALE - Fujairah - United Arab Emirates",+971 9 224 1262,4.1,101,No,2026-03-01
Falcon Tile Glue Factory LLC,adhesives and glue supplier,,Umm Al Quwain,Al Bootain - New Industrial Area - Emirate of Umm Al Quwain - United Arab Emirates,+971 6 535 9226,5.0,2,No,2026-03-01
Marketing Agency UAE,advertising agency,Advertising agency,Abu Dhabi,Al Zahiyah - E14 - Abu Dhabi - United Arab Emirates,+971 52 523 0119,4.7,12,No,2026-03-01
Dar AL Bustan Graphic,advertising agency,Advertising agency,Sharjah,632 Al Arouba St - Um Altarafa - Hay Al Gharb - Sharjah - United Arab Emirates,+971 55 313 1926,4.8,10,No,2026-03-01
Moon Sign,advertising agency,Advertising agency,Ajman,Ajman Industrial 2 - Ajman - United Arab Emirates,+971 52 340 3411,4.3,28,No,2026-03-01
Lamasat Advertising,advertising agency,Advertising agency,Ras Al Khaimah,Al Muntasir Rd - Al Sell - Ras Al-Khaimah - United Arab Emirates,+971 7 227 7779,4.4,72,No,2026-03-01
Al Maha Advertising,advertising agency,Advertising agency,Ras Al Khaimah,Sheik Mohammad Bin Salem Road - Ras Al Khaimah - United Arab Emirates,+971 7 233 2304,4.1,18,No,2026-03-01
Ashweb Solution,advertising agency,Internet marketing service,Fujairah,Creative Tower - Hamad Bin Abdulla Road - Fujairah City Center - Fujairah - United Arab Emirates,+971 55 599 8784,5.0,10,No,2026-03-01
Al Khaleej Sign - خطاط الخليج,advertising agency,Advertising agency,Fujairah,Madhab - شارع محمد بن مطر - Fujairah - United Arab Emirates,+971 55 816 4020,4.6,16,No,2026-03-01
New City Advertising LLC,advertising agency,Advertising agency,Umm Al Quwain,after Nesto Al Kawthar - King Faisal Street - Building2 - Emirate of Umm Al Quwain - United Arab Emirates,+971 50 804 8600,4.1,15,No,2026-03-01
Sign World Advertising,advertising agency,,Umm Al Quwain,Al Muqta - Al Muqta 1 - Emirate of Umm Al Quwain - United Arab Emirates,+971 6 766 4044,4.1,25,No,2026-03-01
Al Tamayuz Advertising,advertising agency,Advertising agency,Umm Al Quwain,46 Aqba Bin Nafa Rd (Uqbah Bin Nafae Street) - Al Riqqah - Al Reqqah - Emirate of Umm Al Quwain - United Arab Emirates,+971 56 550 0133,4.6,13,No,2026-03-01
PERFECT IMAGE ADVERTISING,advertising agency,Advertising agency,Umm Al Quwain,FHW4+4H9 - Al Muqta - Al Muqta 1 - Emirate of Umm Al Quwain - United Arab Emirates,+971 56 568 7763,5.0,1,No,2026-03-01
خطاط ماكس Sign Max,advertising agency,Advertising agency,Umm Al Quwain,Sheikh villa rd - Old industrial Area - Emirate of Umm Al Quwain - United Arab Emirates,+971 55 807 2764,4.8,28,No,2026-03-01
PIXEL ADVERTISING,advertising agency,,Umm Al Quwain,AL HOBOB 2 - Emirate of Umm Al Quwain - United Arab Emirates,+971 50 460 9543,4.2,5,No,2026-03-01
ALPHABLACKY MEDIA PRODUCTIONS,aerial photographer,Photography service,Dubai,"Burjuman, Business tower - 601, Sunset building, Burjuman business tower Al Mankhool , Burjuman , Dubai Landmark - Dubai - United Arab Emirates",+971 55 447 1506,4.6,50,No,2026-03-01
Moon Light Photography Studio Abu Dhabi,aerial photographer,Photography studio,Abu Dhabi,15 Al Wiʹalah Street - Sheikh Zayed Bin Sultan St - behind fab bank - Abu Dhabi - United Arab Emirates,+971 54 578 7325,4.9,234,No,2026-03-01
"Studio Dar al Ameer Sharjah- Events, Weddings, Products, Food Photography",aerial photographer,Photography studio,Sharjah,Building #583 - opp. Life Pharmacy - Muwaileh Commercial - Industrial Area - Sharjah - United Arab Emirates,+971 50 595 9364,4.9,265,No,2026-03-01
Al Rawahil Studio,aerial photographer,Photography studio,Sharjah,Al Nad - Hay Al Qasimiah - Sharjah - United Arab Emirates,+971 56 725 4607,4.8,216,No,2026-03-01
Al Dhiyafa Studio - Sharjah,aerial photographer,Photography studio,Sharjah,AL Jabri Building - Jamal Abdul Naser St - Al Majaz 2 - Al Majaz - Sharjah - United Arab Emirates,+971 50 208 0996,4.9,361,No,2026-03-01
Tek Studio,aerial photographer,Photography studio,Sharjah,Sheikh Saqr Bin Khalid Al Qasimi St - Al Manakh - Hay Al Qasimiah - Sharjah - United Arab Emirates,+971 6 567 3961,4.6,110,No,2026-03-01
Eiffel Studio,aerial photographer,Portrait studio,Sharjah,Industrial Area 6 - Industrial Area - Sharjah - United Arab Emirates,+971 50 549 7431,4.7,218,No,2026-03-01
Alnawar Studio,aerial photographer,Photography service,Ajman,9H8C+RJC - Al Yasmeen - Ajman - United Arab Emirates,+971 55 226 9854,4.8,61,No,2026-03-01
Al Dhiyafa Studio,aerial photographer,,Ajman,Al Nuaimia 1 - Ajman - United Arab Emirates,+971 50 502 0483,4.9,328,No,2026-03-01
Barajeel Studio,aerial photographer,,Ajman,Al Jerf 2 - Ajman - United Arab Emirates,+971 50 990 0160,4.7,37,No,2026-03-01
Alia Studio AlNakheel,aerial photographer,Photography studio,Ras Al Khaimah,Al Nakheel - Ras Al Khaimah - United Arab Emirates,+971 7 222 1742,4.5,405,No,2026-03-01
Nawras Studio,aerial photographer,Photography studio,Ras Al Khaimah,37 Sheikh Rashid Bin Saeed Al Maktoum Rd - Sheikh Saqr City - Ras Al Khaimah - United Arab Emirates,+971 7 235 2784,4.1,119,No,2026-03-01
Golden Lens Photography,aerial photographer,,Ras Al Khaimah,Sidrow - Ras Al Khaimah - United Arab Emirates,+971 7 233 0966,4.3,65,No,2026-03-01
AL SAA'H STUDIO,aerial photographer,,Ras Al Khaimah,Old Town - Ras Al Khaimah - United Arab Emirates,+971 58 132 3448,4.4,94,No,2026-03-01
Taj Studio,aerial photographer,Photography studio,Ras Al Khaimah,RX3C+8QQ - Mamourah Immigration Road - next to Al Shabab Documents - Al Mamourah - Ras Al Khaimah - United Arab Emirates,+971 50 373 5045,4.5,57,No,2026-03-01
Salah Photo Studio,aerial photographer,,Fujairah,سكمكم - Al Sharyah - 1 - Fujairah - United Arab Emirates,+971 56 640 6202,4.6,36,No,2026-03-01
Marwa studio Fujairah,aerial photographer,,Fujairah,Mohamed Bin Zayed City - Fujairah - United Arab Emirates,+971 50 369 8499,4.5,10,No,2026-03-01
STUDIO ALMAS,aerial photographer,,Fujairah,Al Ghaleelah - Fujairah - United Arab Emirates,+971 50 863 5895,4.3,39,No,2026-03-01
Shams Photography Fujairah,aerial photographer,Photography studio,Fujairah,48MH+7WV - Madab - Fujairah - United Arab Emirates,,4.5,8,No,2026-03-01
Al Reem Studio,aerial photographer,Photography service,Fujairah,48FR+3MV - Kindi Rd - Safad - Fujairah - United Arab Emirates,+971 56 230 5218,3.4,12,No,2026-03-01
AHYAN STUDIO,aerial photographer,Photography studio,Umm Al Quwain,Al Salama 1 - Al Salmah - Al Salamah 1 - Emirate of Umm Al Quwain - United Arab Emirates,+971 55 590 9605,4.9,366,No,2026-03-01
Photozone Studio,aerial photographer,,Umm Al Quwain,Green Belt - Emirate of Umm Al Quwain - United Arab Emirates,+971 56 682 0866,5.0,17,No,2026-03-01
Chop House Restaurant,african restaurant,African,Dubai,K2 - Cluster K - Al Thanyah Fifth - Jumeirah Lakes Towers - Dubai - United Arab Emirates,+971 52 725 4297,4.6,316,No,2026-03-01
Afro Express Restaurant,african restaurant,West African,Dubai,London Hotel - 18th St - Al Sabkha Rd - Deira - Dubai - United Arab Emirates,+971 52 446 9388,4.6,65,No,2026-03-01
Africana Home Restaurant Gold Land,african restaurant,African,Dubai,Al Khor Street - 12 Al Daghaya St - behind Gold Land Building - Dubai - United Arab Emirates,+971 4 225 8899,4.2,358,No,2026-03-01
West Side African Restaurant,african restaurant,West African,Abu Dhabi,Tanker Mai Off Delma By - Behind ADDC DMC Office. Al Niqa street - Airport Rd - Abu Dhabi - United Arab Emirates,+971 54 330 2566,4.5,129,No,2026-03-01
African Dishes Restaurant,african restaurant,African,Abu Dhabi,5 شارع اللِّثام - Al Danah - Zone 1 - Abu Dhabi - United Arab Emirates,+971 52 518 4570,4.3,205,No,2026-03-01
AFRIFOOD RESTAURANT,african restaurant,African,Abu Dhabi,5 Al Miqattarah St - Al Zahiyah - E16 02 - Abu Dhabi - United Arab Emirates,+971 54 478 8594,4.3,43,No,2026-03-01
"Agashi King ""Sudanese Cuisine""",african restaurant,Swabian restaurant,Abu Dhabi,21 Ad Darah St - Al Nahyan - Zone 1 - Abu Dhabi - United Arab Emirates,+971 2 444 5414,4.3,853,No,2026-03-01
Mega Taste African Restaurant Musaffah Abu Dhabi,african restaurant,Restaurant,Abu Dhabi,37 plot - opposite DU telecommunication mast - Musaffah - M37 - Abu Dhabi - United Arab Emirates,+971 55 574 0847,4.2,25,No,2026-03-01
Food Mountain Restaurant,african restaurant,West African,Abu Dhabi,F9QC+RQM - Al Danah - E11 - Abu Dhabi - United Arab Emirates,+971 2 309 1901,3.9,45,No,2026-03-01
AFRICAN TASTE RESTAURANT,african restaurant,Restaurant,Sharjah,al qantarah - shop no 2 - Hay Al Nahda - Sharjah - United Arab Emirates,+971 55 415 3977,4.6,28,No,2026-03-01
AL Dom African Restaurant Ajman,african restaurant,African,Sharjah,Bin omair - Al Rashidiya 1 - Ajman - United Arab Emirates,+971 50 818 8175,4.5,56,No,2026-03-01
O.G African kitchen,african restaurant,,Sharjah,Hay Al Nahda - Sharjah - United Arab Emirates,+971 52 921 4496,5.0,1,No,2026-03-01
Addis Ababa Restaurant | አዲስ አበባ ምግብ ቤት,african restaurant,Ethiopian,Fujairah,شارع (الفصيل - Al Nakheel St - Fujairah - United Arab Emirates,+971 58 189 0760,4.2,101,No,2026-03-01
Bab Al Rayan,african restaurant,Restaurant,Fujairah,48FR+3JM - Safad - Fujairah - United Arab Emirates,+971 9 222 5244,4.1,54,No,2026-03-01
Bon Appetit,african restaurant,Restaurant,Fujairah,49X4+P6Q - Al Faseel - Fujairah - United Arab Emirates,+971 9 256 5852,4.7,"1,003",No,2026-03-01
estacoza seafood,african restaurant,Seafood,Fujairah,G956+WQC - Al ʻIqqah - Fujairah - United Arab Emirates,+971 50 360 5930,4.5,"1,186",No,2026-03-01
Family Emirates Home Nursing,aged care,Home health care service,Abu Dhabi,"Office 201, University of Abu Dhabi Building, Al Nahyan Camp, POBox 39206 - Abu Dhabi - United Arab Emirates",+971 2 441 9825,5.0,2,No,2026-03-01
Prestige Home Health Care Services,aged care,Home health care service,Abu Dhabi,Naser Al Junaibi Building - Unit 403 - المَصَايِد - Abu Dhabi - United Arab Emirates,+971 2 666 1517,5.0,2,No,2026-03-01
جمعية الامارات لاصدقاء كبار المواطنين,aged care,Aged care,Sharjah,368 University City Rd - Al Darari - Mughaider Suburb - Sharjah - United Arab Emirates,+971 58 804 0820,4.8,13,No,2026-03-01
Galaxy building,aged care,Assisted living facility,Ajman,83 King Faisal St - 2 Al Nuaimia - Ajman - United Arab Emirates,,5.0,3,No,2026-03-01
Iqrar Elder Care-Ajman,aged care,,Ajman,Al Rashidiya 2 - Ajman - United Arab Emirates,+971 50 538 9276,,,No,2026-03-01
الجديد الثورة 2 العطشة,aged care,Retirement community,Ajman,9GX7+3PX - Al Rawda 2 - Ajman - United Arab Emirates,,5.0,1,No,2026-03-01
التميز للرعاية الطبية والصحة المنزلية Al Tamayuz Home Medical & Health Care,aged care,Home health care service,Ras Al Khaimah,Safeer Mall - Sheikh Saqr City - Ras Al Khaimah - United Arab Emirates,+971 55 581 3060,4.7,64,No,2026-03-01
بيت علي بن الرييل,aged care,Assisted living facility,Ras Al Khaimah,M279+CJ - Seih Al Beer - Ras Al Khaimah - United Arab Emirates,,5.0,2,No,2026-03-01
"Granada Villas, Mina al Arab",aged care,Assisted living facility,Ras Al Khaimah,36 Shammal St - Al Riffa - Ras Al Khaimah - United Arab Emirates,,5.0,1,No,2026-03-01
Premium Tobacco,aged care,Assisted living facility,Ras Al Khaimah,MQRM+Q4H - Al Jazeera Al Hamra-Qaryat Al Hamra - Ras Al Khaimah - United Arab Emirates,+971 56 390 8226,,,No,2026-03-01
Al Dar Building 46,aged care,Assisted living facility,Fujairah,585W+4GG - New - سكمكم - Fujairah - United Arab Emirates,,,,No,2026-03-01
Al naseem worker community,aged care,Assisted living facility,Umm Al Quwain,1 Street 1 - المنطقة الصناعية - Al Muqta 1 - Emirate of Umm Al Quwain - United Arab Emirates,,5.0,1,No,2026-03-01
مؤسسة الهلال الاحمر,aged care,Assisted living facility,Umm Al Quwain,GGPV+HFH - Shk. Rashid Bin Saeed Al Maktoum St. - Al Bootain - Al Butain - Emirate of Umm Al Quwain - United Arab Emirates,+971 6 706 5700,5.0,1,No,2026-03-01
Yousef Saeed AlGhawi,aged care,Assisted living facility,Umm Al Quwain,12 Al Nokhatha St - Al Bootain - الحمرة - ٤ - Emirate of Umm Al Quwain - United Arab Emirates,,,,No,2026-03-01
HEYDAY HVAC AIR CONDITIONING COMPANY DUBAI UAE,air conditioning contractor,Air conditioning contractor,Dubai,11th St - Al Qusais Ind. First - Dubai - United Arab Emirates,+971 56 965 9756,4.9,24,No,2026-03-01
Seven Towers Construction Abudhabi,air conditioning contractor,Air conditioning repair service,Abu Dhabi,"Air Condition installation Repair and services, Abudhabi Al Mushrif (0555848686) - Abu Dhabi - United Arab Emirates",+971 55 584 8686,4.3,6,No,2026-03-01
DAR AL IETEMAD A/C & REF. REPAIRING,air conditioning contractor,Air conditioning repair service,Sharjah,"Sharjah ,Industrial Area 13 ,Abdul Aziz Building Block A - Sharjah - United Arab Emirates",+971 52 240 1512,4.9,309,No,2026-03-01
Sajid Mahmoud Air Conditioner Repair Dubai,air conditioning contractor,Air conditioning contractor,Sharjah,53 Industrial Area 3 - Industrial Area - Sharjah - United Arab Emirates,+971 50 300 3203,4.8,65,No,2026-03-01
"AL SAHEL Repair & Maintenance AC & Central Air Refining, Ltd",air conditioning contractor,Air conditioning repair service,Ajman,76 Thabit Bin Qais Street - 2 Al Nuaimia - Ajman - United Arab Emirates,+971 56 247 5707,4.9,394,No,2026-03-01
THIQA AIR CONDITIONING & REFRIGERATION,air conditioning contractor,Air conditioning contractor,Ajman,Amman Street Industrial Area 1 Al Saraj 2 Building -Shop No:5 - Ajman - United Arab Emirates,+971 56 950 3271,4.9,20,No,2026-03-01
Dubai Central AC Contracting and Fixing,air conditioning contractor,,Ajman,Al Jerf 2 - Ajman - United Arab Emirates,+971 50 787 5246,4.9,21,No,2026-03-01
Al maamoura Electro mechanical works,air conditioning contractor,Air conditioning contractor,Ras Al Khaimah,QXCF+5M9 - Al Juwais - Ras Al Khaimah - United Arab Emirates,+971 52 270 9446,4.7,18,No,2026-03-01
Dr. Cool air conditioning and refrigeration,air conditioning contractor,,Ras Al Khaimah,Al Nakheel - Ras Al Khaimah - United Arab Emirates,+971 50 301 7446,5.0,7,No,2026-03-01
AL Baraq Electrotechnical Works,air conditioning contractor,Air conditioning repair service,Ras Al Khaimah,Al Mataf Rd - Julfar - Ras Al Khaimah - United Arab Emirates,+971 55 723 8355,5.0,18,No,2026-03-01
Fujico Heating And Cooling Solutions,air conditioning contractor,HVAC contractor,Fujairah,123/8 D St - Al ‘Uwaid - Fujairah - United Arab Emirates,+971 9 224 6555,4.8,30,No,2026-03-01
Majestic electromechanical,air conditioning contractor,Air conditioning contractor,Fujairah,Unnamed Road - Fujairah - United Arab Emirates,+971 55 850 6116,4.9,16,No,2026-03-01
Al Faseel Refrigeration Co LLC SPC,air conditioning contractor,HVAC contractor,Fujairah,Salem Street - Al Mahattah - Fujairah - United Arab Emirates,+971 9 222 4603,4.0,15,No,2026-03-01
A ONE ELECTROMECHANICAL CONT,air conditioning contractor,Air conditioning contractor,Fujairah,586H+FQX - Skamkam - Fujairah - United Arab Emirates,+971 50 696 0453,4.2,11,No,2026-03-01
Hawa Electro Mechanical Contracting Fujairah Office,air conditioning contractor,,Fujairah,Fujairah - United Arab Emirates,+971 52 350 4671,5.0,2,No,2026-03-01
AKHWAN ELECTRO MECHNICAL HVAC WORKS LLC,air conditioning contractor,HVAC contractor,Umm Al Quwain,GH36+84W - Al Muqta - Al Muqta 1 - Emirate of Umm Al Quwain - United Arab Emirates,+971 55 182 6766,5.0,1,No,2026-03-01
Al Haboob Repairs. Umm Al Quwain,air conditioning contractor,Air conditioning repair service,Umm Al Quwain,Al ithad road - Al Salmah - Al Salamah 1 - Emirate of Umm Al Quwain - United Arab Emirates,+971 55 877 5030,4.1,21,No,2026-03-01
AL Samah A/c Units Industries LLC,air conditioning contractor,HVAC contractor,Umm Al Quwain,"EMIRATES MODERN INDUSTRIAL AREA, Back side of Emirates Mix - Emirate of Umm Al Quwain - United Arab Emirates",+971 55 972 5043,4.2,12,No,2026-03-01
AC Maintenance & Repairing Services in Dubai,air conditioning repair service,Air conditioning repair service,Dubai,"Churchill, Executive Towers - 3813 - Dubai - United Arab Emirates",+971 50 877 5343,5.0,33,No,2026-03-01
Shams ul Haq Airconditioner Maintenance,air conditioning repair service,Air conditioning repair service,Abu Dhabi,near petrol station - Musaffah - M36 - Abu Dhabi - United Arab Emirates,+971 54 543 7797,4.7,44,No,2026-03-01
Comfort Master For Air Conditioner Maintenance,air conditioning repair service,Air conditioning repair service,Abu Dhabi,"Nr. Falak Madeena Super Market - Mussafah, M -40, Sanaya - Plot 12, Shop 3 - Al Busnad 1 St - Abu Dhabi - United Arab Emirates",+971 52 789 2122,4.5,55,No,2026-03-01
Car Ac Repair Center,air conditioning repair service,Auto air conditioning service,Sharjah,Maleha St - Industrial Area 6 - Industrial Area - Sharjah - United Arab Emirates,+971 50 746 0094,4.7,590,No,2026-03-01
AL SARAB AC REPAIRING,air conditioning repair service,Air conditioning repair service,Sharjah,Street 35 - Industrial Area 10 - Industrial Area - Sharjah - United Arab Emirates,+971 50 736 5396,4.9,31,No,2026-03-01
Waseem AC repairing shop,air conditioning repair service,Air conditioning repair service,Ajman,18 Amr ibn el ass street - Ajman Industrial 2 - Ajman - United Arab Emirates,+971 50 357 6145,4.8,88,No,2026-03-01
Al Jinan Ac repairing,air conditioning repair service,HVAC contractor,Ras Al Khaimah,716 - 710 Al Muntasir Rd - Al Nakheel - Ras Al Khaimah - United Arab Emirates,+971 55 510 9580,5.0,15,No,2026-03-01
AL FIDA AC/Washing Machine/Refrigeration/Fridge Repairing,air conditioning repair service,,Ras Al Khaimah,Al Jazeera Al Hamra - Ras Al Khaimah - United Arab Emirates,+971 50 989 3185,4.6,31,No,2026-03-01
Ac maintenance MEP servies,air conditioning repair service,Air conditioning repair service,Fujairah,Al Corniche St - Al ‘Uwaid - Fujairah - United Arab Emirates,+971 50 698 2683,4.3,35,No,2026-03-01
NEW AL HAZAM TECHNICAL SERVICES FUJAIRAH UAE,air conditioning repair service,,Fujairah,Al Hail Industrial - Fujairah - United Arab Emirates,+971 50 803 3258,5.0,1,No,2026-03-01
Al Fahad AC Work - Fridge & Washing machine Sales & Service,air conditioning repair service,,Fujairah,Qrat - Fujairah - United Arab Emirates,+971 55 294 5093,4.1,32,No,2026-03-01
Al Ghous A/C Repairing,air conditioning repair service,Air conditioning repair service,Umm Al Quwain,FHXF+RGJ - Al Salmah - Al Salamah 1 - Emirate of Umm Al Quwain - United Arab Emirates,+971 50 896 9177,4.2,9,No,2026-03-01
AL TABREED TECHNICAL SERVICES,air conditioning repair service,,Umm Al Quwain,Al Neefah - Al Ramlah2 - Emirate of Umm Al Quwain - United Arab Emirates,+971 56 919 1595,4.5,19,No,2026-03-01
تصليح جميع انواع الالكترونيات ( تكييف، ثلاجات، غسالات، جميع الالكترونيات),air conditioning repair service,Air conditioning repair service,Umm Al Quwain,ramla market - Itehad road - Al Neefah - Al Ramlah2 - Emirate of Umm Al Quwain - United Arab Emirates,+971 58 191 8696,3.6,7,No,2026-03-01
Arshad Mehmood technical services,air conditioning repair service,Air conditioning repair service,Umm Al Quwain,Near Shk. Rashid Bin Saeed Al Maktoum St. - Al Riqqah - Al Reqqah - Emirate of Umm Al Quwain - United Arab Emirates,+971 50 259 1891,5.0,1,No,2026-03-01
S3 SERVICES,air duct cleaning service,Air duct cleaning service,Dubai,"DIP 1, FAB Warehouse Compound - Dubai - United Arab Emirates",+971 56 863 2323,4.8,43,No,2026-03-01
HydroGulf LLC,air duct cleaning service,Air duct cleaning service,Abu Dhabi,Shop 10 - Musaffah Sector-37 - Abu Dhabi - United Arab Emirates,+971 2 626 5900,4.7,38,No,2026-03-01
BRIXTON General Maintenance,air duct cleaning service,Air duct cleaning service,Abu Dhabi,The Gate Towers - 106 Rabat St - Al Reem Island - The Gate District - Abu Dhabi - United Arab Emirates,+971 50 536 9696,4.9,100,No,2026-03-01
ClearPath Duct Cleaning,air duct cleaning service,Air duct cleaning service,Sharjah,Expo City Dubai - Mangrove Avenue - Madinat Al Mataar - Mangrove A - Dubai - United Arab Emirates,+971 54 556 5956,5.0,5,No,2026-03-01
Zenith Advanced Cleaning Solutions,air duct cleaning service,Air duct cleaning service,Ajman,AL JURF - Warehouse No.10 - Ajman - United Arab Emirates,+971 6 527 8893,5.0,1,No,2026-03-01
Al fairooz central A/C الفيروز للمكيفات,air duct cleaning service,Air duct cleaning service,Ras Al Khaimah,QWPP+5PX - Dahan road near khalifa mosque - Ras Al-Khaimah - United Arab Emirates,+971 50 647 0557,4.2,5,No,2026-03-01
Abu Sultan General Cleaning Services LLC,air duct cleaning service,Air duct cleaning service,Ras Al Khaimah,"Sheikh Mohammed Bin Salem Road, Near Clock Roundabout, Dahan - Ras Al Khaimah - United Arab Emirates",+971 50 371 0725,4.4,30,No,2026-03-01
Akbar Haji Cleaning Services LLC Fujairah,air duct cleaning service,,Fujairah,Al Hail - Fujairah - United Arab Emirates,+971 50 494 2524,4.9,17,No,2026-03-01
Al thiqa a/c repairing,air duct cleaning service,,Fujairah,Industrial Area - Dibba Industrial - Fujairah - United Arab Emirates,+971 52 736 5076,5.0,1,No,2026-03-01
Fresh look cleaning services fujairah & kalba / فريش لوك خدمات تنظيف / شركة تنظيف في كلباء / شركة تنظيف في الفجيرة,air duct cleaning service,House cleaning service,Fujairah,Unnamed Road - Al Faseel Rd(E99) - Fujairah - United Arab Emirates,+971 56 446 6744,4.9,89,No,2026-03-01
al afdal building cleaning service,air duct cleaning service,,Fujairah,سكمكم - Skamkam - Fujairah - United Arab Emirates,+971 56 967 2598,5.0,145,No,2026-03-01
Bright royal cleaning برايت رويال لخدمات التنظيف ذ.م.م,air duct cleaning service,House cleaning service,Fujairah,Al itihad road - Al Nakheel St - Al Sharyah - Fujairah - United Arab Emirates,+971 52 875 9993,4.9,29,No,2026-03-01
Explorer Duct Air Conditioning Systems Factory,air duct cleaning service,,Umm Al Quwain,Umm Al Thuoob - Emirate of Umm Al Quwain - United Arab Emirates,+971 6 577 4438,4.7,9,No,2026-03-01
Alshan travels and tourism,airline ticket agency,,Dubai,Warsan First - Russia Cluster - Dubai - United Arab Emirates,+971 58 169 0040,4.8,77,No,2026-03-01
Namaste Travel & Tourism LLC Abu Dhabi,airline ticket agency,,Abu Dhabi,Al Danah - Zone 1 - Abu Dhabi - United Arab Emirates,+971 2 658 8953,4.4,35,No,2026-03-01
Select My Flight,airline ticket agency,Travel agency,Sharjah,4 Rolla Mall - Khalid Bin Al Waleed St - Al Ghuwair - Hay Al Gharb - Sharjah - United Arab Emirates,+971 6 565 6569,4.2,93,No,2026-03-01
"M Travels, Travel Agency - Flight tickets م السفر مكتب سفريات",airline ticket agency,,Ajman,Al Hamidiya 1 - Ajman - United Arab Emirates,+971 54 430 4308,4.9,43,No,2026-03-01
"RT Travels And Cargo L.L.C, AJMAN",airline ticket agency,Airline ticket agency,Ajman,Sheikh Rashid Bin Humeed St - Al Rashidiya 3 - Ajman - United Arab Emirates,+971 54 265 9916,4.9,62,No,2026-03-01
Al bader travels - Ajman,airline ticket agency,Travel agency,Ajman,Near Najmat Al-khaleej - Al Zahra - Ajman - United Arab Emirates,+971 6 748 8570,4.6,174,No,2026-03-01
Miraj Travels L.L.C معراج لسفريات ذ.م.م Branch 1 فرع ١,airline ticket agency,Airline ticket agency,Ajman,CC2W+G3H - Al Quds St - Al Rashidiya 3 - Ajman - United Arab Emirates,+971 55 252 4278,5.0,79,No,2026-03-01
Al Raha Travels,airline ticket agency,,Ras Al Khaimah,Al Araibi - Ras Al-Khaimah - United Arab Emirates,+971 7 227 6225,4.7,56,No,2026-03-01
Fujairah National Air Travel Agency,airline ticket agency,Travel agency,Fujairah,Road - Al Faseel - Fujairah - United Arab Emirates,+971 9 222 2316,3.8,27,No,2026-03-01
Egypt Air GSA Flyt for Travel and Tourism Fujairah,airline ticket agency,Airline ticket agency,Fujairah,Shk Hamdan Bin Abdulla Al Sharqi Street - beside Thrifty Rent a Car - Al Ghaleelah - Fujairah - United Arab Emirates,,4.0,2,No,2026-03-01
Hala Tourism LLC,airline ticket agency,Travel agency,Fujairah,SALWA BUILDING Shop - 1 Street - Al Mahattah - Fujairah - United Arab Emirates,+971 9 277 4529,5.0,51,No,2026-03-01
Umm Al Quwain National Travel Agency,airline ticket agency,Travel agency,Umm Al Quwain,King Faisal St - Al Raas - الراس 1 - Emirate of Umm Al Quwain - United Arab Emirates,+971 6 765 6615,4.2,117,No,2026-03-01
Emirates Airlines GSA طيران الامارات,airline ticket agency,Travel agency,Umm Al Quwain,HG5X+3X - King Faisal St - Al Riqqah - Al Reqqah - Emirate of Umm Al Quwain - United Arab Emirates,+971 6 766 6684,4.4,93,No,2026-03-01
ALSAFEENA TRAVELS & CARGO,airline ticket agency,Airline ticket agency,Umm Al Quwain,HH62+GQP - King Faisal St - Al Riqqah - Al Reqqah - Emirate of Umm Al Quwain - United Arab Emirates,+971 55 538 7800,4.4,7,No,2026-03-01
Marhaba Travels,airline ticket agency,Travel agency,Umm Al Quwain,Hawally rd - Al Muqta - Al Muqta 1 - Emirate of Umm Al Quwain - United Arab Emirates,+971 58 201 9786,4.6,19,No,2026-03-01
Lulu Metro Travels and Cargo - UAQ,airline ticket agency,Airline ticket agency,Umm Al Quwain,GMVC+JX3 - Umm Al Thuoob - Emirate of Umm Al Quwain - United Arab Emirates,+971 50 412 4007,4.7,12,No,2026-03-01
AL ARAB TRAVEL AGENCY,airline ticket agency,,Umm Al Quwain,Umm Al Thuoob - New Industrial Area - Emirate of Umm Al Quwain - United Arab Emirates,+971 56 232 3345,4.7,11,No,2026-03-01
Ahlan Travels,airline ticket agency,Travel agency,Umm Al Quwain,New Sanayya - Umm Al Thuoob - Emirate of Umm Al Quwain - United Arab Emirates,+971 50 978 7012,5.0,28,No,2026-03-01
Limousine Service Abu Dhabi,airport shuttle service,Limousine service,Abu Dhabi,Hamdan St - Al Zahiyah - E13 - Abu Dhabi - United Arab Emirates,+971 55 338 8313,4.8,114,No,2026-03-01
Chauffeur Services Departure,airport shuttle service,Airport shuttle service,Abu Dhabi,CJHV+7F2 - Int'l Airport Rd - Al Matar - Zayed International Airport - Abu Dhabi - United Arab Emirates,,4.0,1,No,2026-03-01
Emirates Transport - Abu Dhabi Airport Taxi Operation,airport shuttle service,Transportation service,Abu Dhabi,"Emirates Transport Work shop, Ahalia Hospital Musaffah Building - 03 - مصفححوض 33 - Abu Dhabi - United Arab Emirates",+971 2 205 1744,3.4,25,No,2026-03-01
Click Passenger Buses Transport,airport shuttle service,Transportation service,Sharjah,2 Bishr Bin Amr St - Al Manakh - Hay Al Qasimiah - Sharjah - United Arab Emirates,+971 6 563 6102,4.6,12,No,2026-03-01
Sharjah Airport The Hotel (Managed by ALPHA FLIGHT SERVICES UAE LLC),airport shuttle service,Airport,Sharjah,8GCC+P66 transit area، Sharjah International Airport's - below Duty Free Shop Area - Sharjah International Airport - Sharjah - United Arab Emirates,+971 6 539 1075,4.4,63,No,2026-03-01
HIGH CITY PASSENGER TRANSPORT BY BUSES RENTAL & CHAUFFEUR SERVICE AJMAN,airport shuttle service,Bus charter,Ajman,BEHIND CROWN PALACE HOTEL - Ajman - United Arab Emirates,+971 50 944 3799,4.9,15,No,2026-03-01
Ajman Bus Stop,airport shuttle service,Bus charter,Ajman,CC2X+7VV - Al Rashidiya 1 - Ajman - United Arab Emirates,,4.3,145,No,2026-03-01
Al Hamra Bus Stop For RAK Airport & City,airport shuttle service,Minibus taxi service,Ras Al Khaimah,MQJJ+JHW - Al Jazeera Al Hamra - Ras Al Khaimah - United Arab Emirates,,4.2,62,No,2026-03-01
Al ghail passenger transport by. Rental buses,airport shuttle service,,Ras Al Khaimah,Old Town - Ras Al Khaimah - United Arab Emirates,+971 58 512 0900,4.0,4,No,2026-03-01
AL Arabia Taxi,airport shuttle service,Taxi service,Ras Al Khaimah,PVMQ+PXG - Al Dhait - Ras Al Khaimah - United Arab Emirates,+971 800 1700,3.9,270,No,2026-03-01
Al Hamra,airport shuttle service,Bus stop,Ras Al Khaimah,bus station - Al Dhait - Ras Al Khaimah - United Arab Emirates,,4.2,208,No,2026-03-01
Platinum Taxi Fujairah,airport shuttle service,Taxi service,Fujairah,37VH+G64 - opposite to Church - Al Hail Industrial - Fujairah - United Arab Emirates,+971 56 417 4501,3.4,66,No,2026-03-01
Fujairah Bus Station,airport shuttle service,,Fujairah,Al Hlaifat - Fujairah - United Arab Emirates,,3.7,40,No,2026-03-01
Fujairah Recovery Services Ali Junaid,airport shuttle service,,Fujairah,Al Hail Industrial - Fujairah - United Arab Emirates,+971 54 353 7653,4.8,17,No,2026-03-01
ارقام الفجيرة,airport shuttle service,International airport,Fujairah,شارع المطار - Fujairah City Center - Fujairah - United Arab Emirates,+971 56 270 0008,,,No,2026-03-01
City Limousine,airport shuttle service,Taxi service,Fujairah,Al aqqah - E99 - الفجيرة - United Arab Emirates,+971 52 930 1825,4.4,64,No,2026-03-01
umm Al Quwain M taxi service 24H,airport shuttle service,Taxi service,Umm Al Quwain,King Faisal St - Al Bootain - Al Butain - Emirate of Umm Al Quwain - United Arab Emirates,+971 55 554 8779,4.8,71,No,2026-03-01
umm Al Quwain taxi service Shahin24,airport shuttle service,,Umm Al Quwain,,+971 50 886 9788,4.7,219,No,2026-03-01
Tahir Ayub,airport shuttle service,Taxi service,Umm Al Quwain,King Faisal St - Old Umm Al Quwain - Emirate of Umm Al Quwain - United Arab Emirates,+971 54 288 6168,4.5,22,No,2026-03-01
Al zafra transport,airport shuttle service,Transportation service,Umm Al Quwain,FH9Q+PQ5 Al HuboobAl Gavat - Al Gavat - Emirate of Umm Al Quwain - United Arab Emirates,+971 56 956 6228,4.5,2,No,2026-03-01
Swat transport,airport shuttle service,Transportation service,Umm Al Quwain,GPP7+88 - Umm Dera - Emirate of Umm Al Quwain - United Arab Emirates,+971 55 886 6190,3.1,8,No,2026-03-01
Umm Al Quwain Taxi faisal,airport shuttle service,Taxi service,Umm Al Quwain,King Faisal St - Al Raas - Al Medan - Emirate of Umm Al Quwain - United Arab Emirates,+971 55 773 5145,4.8,878,No,2026-03-01
umm al quwain taxi service Ahmed,airport shuttle service,,Umm Al Quwain,,+971 55 438 8624,4.7,169,No,2026-03-01
UMM AL QUWWAIN TAXI ABDUL KHALIQ,airport shuttle service,Taxi service,Umm Al Quwain,LULU MALL - Green Belt - Emirate of Umm Al Quwain - United Arab Emirates,+971 55 526 5788,5.0,13,No,2026-03-01
BEA airsoft and tactical supply / BEA hobbies and craft,airsoft supply shop,Airsoft supply store,Dubai,"Brgy Pali, 102 Benedicto St, Mandurriao, Iloilo City, 5000 Iloilo",0905 878 0161,,,No,2026-03-01
محل القناص للوازم الصيد,airsoft supply shop,Gun shop,Dubai,68WQ+8R7 - 2nd St - Al Garhoud - Dubai - United Arab Emirates,+971 4 282 8084,4.2,36,No,2026-03-01
"Bynuna Military & Hunting Equipment Trading LLC Showroom, Al Ain",airsoft supply shop,Outdoor sports store,Abu Dhabi,"Hassa Bint Muhammad St., (Near Al Hilal Bank) Al Ain City - Abu Dhabi - United Arab Emirates",+971 3 768 0300,4.6,54,No,2026-03-01
AIRSOFT TRADING AJMAN,airsoft supply shop,Department store,Sharjah,Karama Plaza - Al Bustan - ليوارة 1 - Ajman - United Arab Emirates,,4.3,10,No,2026-03-01
البرق لتصليح الاسلحة ومستلزمات الصيد والرماية,airsoft supply shop,Hunting store,Ras Al Khaimah,QXVC+G8F - Al Nakheel - Ras Al Khaimah - United Arab Emirates,+971 50 510 1695,4.4,11,No,2026-03-01
ALFAIN SPORTS,airsoft supply shop,Sporting goods store,Ras Al Khaimah,35 Sheikh Rashid Bin Saeed Al Maktoum Rd - Sheikh Saqr City - Ras Al Khaimah - United Arab Emirates,+971 7 235 0116,4.6,14,No,2026-03-01
هاتريك للرياضه Hattrick Sports,airsoft supply shop,Sporting goods store,Ras Al Khaimah,Unnamed Road - Al Dhait - الظيت الجنوبي - Ras Al Khaimah - United Arab Emirates,+971 50 320 3273,4.7,18,No,2026-03-01
United Sports Establishment | Sports shop in Ras Al-Khaimah,airsoft supply shop,,Ras Al Khaimah,Al Hudeeba - Ras Al Khaimah - United Arab Emirates,+971 52 753 9689,3.7,14,No,2026-03-01
ALFA SPORTS,airsoft supply shop,Sporting goods store,Ras Al Khaimah,S. T. Group - Al Yayez Building - Kuwait road - Old Town - Ras Al Khaimah - United Arab Emirates,+971 7 233 5396,4.4,27,No,2026-03-01
AL FUJAIRAWI SPORTS LLC,airsoft supply shop,,Fujairah,Al ‘Uwaid - Fujairah - United Arab Emirates,+971 52 383 8700,4.6,68,No,2026-03-01
Fujairah Sports Store LLC,airsoft supply shop,Sporting goods store,Fujairah,48CV+WX7 - Safad - Fujairah - United Arab Emirates,+971 9 222 9990,4.4,46,No,2026-03-01
Survitec Safety Solutions - Norway AS - Fujairah branch,airsoft supply shop,Marine supply store,Fujairah,58FR+MV6 - Ishwais - Fujairah - United Arab Emirates,+971 9 224 8181,4.8,10,No,2026-03-01
Hadaf Sports Fujaira,airsoft supply shop,Sporting goods store,Fujairah,48HP+C34 - Al salam Rd - Al Mahattah - Fujairah - United Arab Emirates,+971 56 589 9284,4.1,21,No,2026-03-01
BAHRAIN ALUMINIUM EXTRUSION CO (BALEXCO) (DUBAI BRANCH),aluminium supplier,Aluminum supplier,Dubai,"Bur Dubai, Nr - Al Rolla Rd - Dubai - United Arab Emirates",+971 50 642 8367,4.0,3,No,2026-03-01
Mercury Aluminium,aluminium supplier,Aluminum supplier,Dubai,Dubai Investment Park First - Dubai - United Arab Emirates,+971 4 885 9331,4.5,6,No,2026-03-01
Reem Emirates Aluminum,aluminium supplier,Manufacturer,Abu Dhabi,"Sector No. M-41, Plot No. 7FR6, 8FR6, ICAD-1, Mussafah - 60 Wajna St - Abu Dhabi - United Arab Emirates",+971 2 599 4200,4.5,51,No,2026-03-01
Iqra Aluminium & Glass Work & Steel L.L.C,aluminium supplier,Aluminum supplier,Abu Dhabi,Musaffah - M14 - Abu Dhabi - United Arab Emirates,+971 55 359 5937,4.3,55,No,2026-03-01
NOOR AL LULU BUILDINGS MAINTENACE L.L.C,aluminium supplier,,Abu Dhabi,Musaffah - M6 - Abu Dhabi - United Arab Emirates,+971 50 896 4005,4.6,24,No,2026-03-01
Top Aluminium & Glass work co. L.L.C.,aluminium supplier,Metal fabricator,Abu Dhabi,Musaffah - M16 - Abu Dhabi - United Arab Emirates,+971 50 614 5583,4.9,69,No,2026-03-01
Al Ghousia,aluminium supplier,Aluminum supplier,Sharjah,Industrial Area No 4 - Street No 24 - Sharjah - United Arab Emirates,+971 50 769 3103,4.9,14,No,2026-03-01
Al manzoor aluminum and glass works LLC,aluminium supplier,,Ajman,industrial Area 2 - Ajman - United Arab Emirates,+971 56 532 4528,4.7,15,No,2026-03-01
Red Sea Aluminium & Glass L.L.C. Ajman,aluminium supplier,Aluminum supplier,Ajman,Ajman Industrial 2 - Ajman - United Arab Emirates,+971 50 617 7942,3.6,19,No,2026-03-01
Al Atyaf Aluminium & glass,aluminium supplier,Door manufacturer,Ras Al Khaimah,Al Rams Rd - Dhaya - Ras Al Khaimah - United Arab Emirates,+971 50 947 8378,4.8,17,No,2026-03-01
Premium doors aluminum and glass,aluminium supplier,Door manufacturer,Ras Al Khaimah,1 84D St - Al Kharan - Ras Al Khaimah - United Arab Emirates,+971 50 104 3100,4.4,16,No,2026-03-01
East Coast Aluminum Factory / Office,aluminium supplier,Construction company,Fujairah,37VH+P7V - Unnamed Road - Fujairah - United Arab Emirates,+971 9 222 5980,4.8,19,No,2026-03-01
الدولية الالومنيوم والزجاج,aluminium supplier,Aluminum supplier,Fujairah,473G+2VQ - Al Hail - Fujairah - United Arab Emirates,,5.0,1,No,2026-03-01
"Al Ghousia Aluminium Melting Factory LLC, Umm Al Quwain, U.A.E",aluminium supplier,Aluminum supplier,Umm Al Quwain,Old Industrial Area near Al Madina Interlock - Emirate of Umm Al Quwain - United Arab Emirates,+971 50 717 7695,5.0,2,No,2026-03-01
Al Mijdaf Aluminium Factory LLC,aluminium supplier,Aluminum supplier,Umm Al Quwain,GH42+WPG - Al Muqta - Al Muqta 1 - Emirate of Umm Al Quwain - United Arab Emirates,+971 6 764 6876,4.8,4,No,2026-03-01
AL HAMAD ALUMINIUM EXTRUSION FACTORY LLC,aluminium supplier,Manufacturer,Umm Al Quwain,Unnamed Road - Emirate of Umm Al Quwain - United Arab Emirates,+971 6 766 7177,4.5,8,No,2026-03-01
Hutoof aluminium and glass,aluminium window,Aluminum frames supplier,Dubai,18A Street - Ras Al Khor Industrial Area 2 - Dubai - United Arab Emirates,+971 52 692 0070,5.0,11,No,2026-03-01
"Delma Beach Aluminium ,Glass & UPVC Door",aluminium window,Aluminum window,Abu Dhabi,8FVX+F9Q - Musaffah - M36 - Abu Dhabi - United Arab Emirates,+971 50 418 0620,4.7,10,No,2026-03-01
AL TAQWA ALUMINIUM & GLASS CONT LLC,aluminium window,,Sharjah,Industrial Area 13 - Industrial Area - Sharjah - United Arab Emirates,+971 6 538 4114,4.8,13,No,2026-03-01
Abdul Azeem aluminum and glass work,aluminium window,,Ajman,Al jarf - Al Jerf 2 - Ajman - United Arab Emirates,+971 55 301 9126,4.6,29,No,2026-03-01
AL ALMAS ALUMINUM & GLASS,aluminium window,Aluminum window,Ras Al Khaimah,QX3C+F9V - Al Felyyah - Ras Al Khaimah - United Arab Emirates,+971 50 206 1433,5.0,1,No,2026-03-01
Al Jameel Aluminium Factory,aluminium window,,Ras Al Khaimah,Al Qussaidat - Ras Al Khaimah - United Arab Emirates,+971 55 369 7800,4.5,19,No,2026-03-01
Gulf Star Glass & Aluminium,aluminium window,Glass & mirror shop,Ras Al Khaimah,Sheikh Saqr Bin Mohammad Al Qasimi Rd - Al Felyyah - Ras Al-Khaimah - United Arab Emirates,+971 7 227 2915,4.3,27,No,2026-03-01
العربية للالمنيوم_Al arabiah aluminium,aluminium window,Aluminum window,Ras Al Khaimah,E18 - Al Felyyah - Ras Al Khaimah - United Arab Emirates,+971 55 772 0033,4.3,16,No,2026-03-01
Al thoraya Aluminium,aluminium window,Aluminum window,Ras Al Khaimah,Al Manama - Ras Al Khaimah Rd - Al Felyyah - Ras Al Khaimah - United Arab Emirates,+971 50 411 1831,4.7,3,No,2026-03-01
AL NASEEM ALUMINIUM & GLASS WORKSHOP,aluminium window,Aluminum window,Ras Al Khaimah,RXJV+J2M - Al Shurisha - Ras Al Khaimah - United Arab Emirates,+971 50 723 3122,5.0,3,No,2026-03-01
توب ون للالمونيوم والزجاج Top One Aluminium & Glass,aluminium window,Aluminum window,Ras Al Khaimah,Al Qussaidat - Ras Al Khaimah - United Arab Emirates,+971 56 329 8338,4.0,32,No,2026-03-01
Style Aluminium,aluminium window,Aluminum window,Ras Al Khaimah,QX98+XM8 - near OLD SHEEP MARKE - Al Qussaidat - Ras Al Khaimah - United Arab Emirates,+971 50 627 0862,4.3,4,No,2026-03-01
Al Raydan Aluminium and Glass Workshop LLC,aluminium window,,Fujairah,Al Hail - Fujairah - United Arab Emirates,+971 50 463 6568,5.0,5,No,2026-03-01
Golden aluminium,aluminium window,Aluminum window,Fujairah,All - Al Hail - Fujairah - United Arab Emirates,+971 50 670 5211,5.0,1,No,2026-03-01
Al Kharji Aluminium & Glass works,aluminium window,Aluminum window,Umm Al Quwain,near leva building - Al Muqta - Al Muqta 1 - Emirate of Umm Al Quwain - United Arab Emirates,+971 54 571 7666,4.8,4,No,2026-03-01
SMS Aluminium & Glass Est.,aluminium window,,Umm Al Quwain,Al Muqta - Al Muqta 1 - Emirate of Umm Al Quwain - United Arab Emirates,+971 6 766 6452,5.0,4,No,2026-03-01
Al AHLI ALUMINUM AND GLASS WORK SHOP,aluminium window,,Umm Al Quwain,Al Muqta - Old Industrial - Emirate of Umm Al Quwain - United Arab Emirates,+971 56 711 0760,5.0,1,No,2026-03-01
NOOR AL ROHAAN ALUMINIUM & GLASS WORKS,aluminium window,Aluminum window,Umm Al Quwain,Rizwan building - Emirate of Umm Al Quwain - United Arab Emirates,+971 54 571 7666,4.1,7,No,2026-03-01
SAAD ALHULUL INTERIOR DESIGN AND DECOR llc,aluminium window,,Umm Al Quwain,Al Muqta - Al maqta 2 - Emirate of Umm Al Quwain - United Arab Emirates,+971 52 358 9277,5.0,3,No,2026-03-01
FUN DRIVE فن درايف,amusement center,Amusement center,Fujairah,Al Ghurfah - Fujairah - United Arab Emirates,+971 52 898 0040,4.3,99,No,2026-03-01
أرض الفرح للألعاب,amusement center,Children's amusement center,Fujairah,49C4+2QV - Al Corniche St - Al Ghurfah - Fujairah - United Arab Emirates,+971 56 652 4292,4.4,35,No,2026-03-01
فن لاند,amusement center,Theme park,Fujairah,Al Corniche St - Al Ghurfah - Fujairah - United Arab Emirates,+971 52 828 0008,3.8,19,No,2026-03-01
Darkin Fujairah,amusement center,,Fujairah,Al Faseel - Fujairah - United Arab Emirates,+971 52 192 2226,4.5,29,No,2026-03-01
"منطقة المرح ,fun zone",amusement center,Video arcade,Fujairah,49X4+J72 - Al Faseel - Fujairah - United Arab Emirates,,3.7,9,No,2026-03-01
My Play Zone LLC,amusement center,Children's amusement center,Umm Al Quwain,78 Al Qarayen St - Al Salmah - Al Qraun 2 - Emirate of Umm Al Quwain - United Arab Emirates,+971 54 990 4956,4.3,12,No,2026-03-01
A CAVE,amusement center,Video arcade,Umm Al Quwain,FHVC+4X8 Al siraj street - Al Abraq - Al Nekheila - Emirate of Umm Al Quwain - United Arab Emirates,,4.5,20,No,2026-03-01
Horus Veterinary Clinic,animal hospital,Veterinarian,Abu Dhabi,"AL ,10 NAHYAN - Al Hakam Bin ʹAmr St - Al Nahyan - E25 - Abu Dhabi - United Arab Emirates",+971 58 892 1079,5.0,138,No,2026-03-01
Little Paws Vet Clinic UAE,animal hospital,Veterinarian,Sharjah,Villa 317 A - 105 Al Mirgab St - Al Qadisiyah - Alheera Suburb - Sharjah - United Arab Emirates,+971 6 769 0186,4.3,298,No,2026-03-01
عيادة الحياة البيطريه _عجمان ..AlHayat Vet. Clinic,animal hospital,Animal hospital,Ajman,شارع مكة المكرمة - Al Rawda 2 - Ajman - United Arab Emirates,+971 50 253 1331,4.6,326,No,2026-03-01
Soul Veterinary Clinic - عيادة سول البيطرية,animal hospital,Veterinarian,Ajman,CGCP+G8 - Al Jerf Industrial 3 - Ajman - United Arab Emirates,+971 54 321 1559,4.8,"2,306",No,2026-03-01
RAK Veterinary Center,animal hospital,Veterinarian,Ras Al Khaimah,Near KFC - E11 - Al Dhait - Al Dhait South - Ras Al Khaimah - United Arab Emirates,+971 7 235 1781,4.1,361,No,2026-03-01
Dr. Jimmy Vet Clinic عيادة د/جيمي البيطرية,animal hospital,,Ras Al Khaimah,Al Dhait - Al Dhait South - Ras Al Khaimah - United Arab Emirates,+971 50 937 4545,4.8,264,No,2026-03-01
Corniche Veterinary Clinic,animal hospital,Veterinarian,Ras Al Khaimah,6 4A St - Dafan Ras Al Khaimah - Ras Al Khaimah - United Arab Emirates,+971 50 998 2333,4.5,178,No,2026-03-01
Pet Care Clinic,animal hospital,Veterinarian,Ras Al Khaimah,47 Al Ghafat Rd - Al Riffa - Ras Al Khaimah - United Arab Emirates,+971 7 243 3378,4.7,113,No,2026-03-01
Pets 'n Us Veterinary Clinic,animal hospital,Veterinarian,Fujairah,Unnamed Road - Fujairah - United Arab Emirates,+971 50 211 0037,4.3,197,No,2026-03-01
Cute Paws Veterinary Clinic LLC,animal hospital,Veterinarian,Fujairah,482W+FM3 Sur Kalba Sharjah - behind Fujairah Airport - Hay Al Soar - Fujairah - United Arab Emirates,+971 58 567 8092,5.0,8,No,2026-03-01
AL-RAYAH AL-BAYDHAA VET. CLINICS - عيادات الراية البيضاء البيطرية -فرع دبا الفجيرة,animal hospital,Veterinarian,Fujairah,Shk. Zayed Bin Sultan Al Nahyan Rd - Al Rifa‘ - Fujairah - United Arab Emirates,+971 56 823 7664,4.3,72,No,2026-03-01
عياده ام القيوين البيطريه,animal hospital,Animal hospital,Umm Al Quwain,FHXC+68G - E11 - Al Abraq - Al Nekheila - Emirate of Umm Al Quwain - United Arab Emirates,+971 50 529 0363,5.0,3,No,2026-03-01
Private Animal Sanctuary | Sustainable City,animal shelter,Zoo,Dubai,Unnamed Road - Wadi Al Safa 7 - The Sustainable City - Dubai - United Arab Emirates,,4.4,374,No,2026-03-01
Shelter,animal shelter,Shelter,Dubai,129 318th Rd - Al Qouz Ind.fourth - Al Quoz - Dubai - United Arab Emirates,,4.4,12,No,2026-03-01
TARAZAN,animal shelter,Animal shelter,Abu Dhabi,8GCQ+R69 - Mohamed Bin Zayed City - ME12 - Abu Dhabi - United Arab Emirates,+971 55 871 7311,3.9,16,No,2026-03-01
Al Khalid & Al Hussain Trading Est.,animal shelter,Animal control service,Abu Dhabi,Al Meena St - Al Zahiyah - E14 - Abu Dhabi - United Arab Emirates,+971 2 673 0998,4.4,5,No,2026-03-01
Alghwas's Farm - عزبة الغواص,animal shelter,Animal shelter,Abu Dhabi,Lane 2550 - Dhaharat Al Teeb - Abu Dhabi - United Arab Emirates,+971 50 441 5014,4.3,6,No,2026-03-01
وادي الدان للمواشي,animal shelter,Livestock dealer,Sharjah,9JJ9+385 Basateen Al Zubair - Hay Aldubdabaah South - Sharjah - United Arab Emirates,+971 50 305 3875,4.9,10,No,2026-03-01
Cats fostering Dubai استضافة قطط,animal shelter,Cat boarding service,Sharjah,Sheikh Khalifa Bin Zayed St - Ajman - United Arab Emirates,+971 56 577 0046,4.9,21,No,2026-03-01
عزبة باقرين الحضرمي 2,animal shelter,Animal shelter,Sharjah,Sharjah 12345 - Sharjah - United Arab Emirates,+971 55 576 2555,,,No,2026-03-01
مزرعة الحيوانات Animalfarmuae,animal shelter,Pet store,Ajman,Sheikh Zayed St - الحليو - Al Yasmeen - Ajman - United Arab Emirates,+971 55 577 9069,4.2,116,No,2026-03-01
Happy Cat/Royal Canin Birds and Animals Trading,animal shelter,Animal shelter,Ajman,Sheikh Zayed St - Ajman - United Arab Emirates,+971 55 630 0110,4.8,8,No,2026-03-01
rfruae_rescue.foster.rehome,animal shelter,Permanently closed,Ajman,Al Rawda 1 - Ajman - United Arab Emirates,+971 50 702 1416,1.0,1,No,2026-03-01
.,animal shelter,Animal shelter,Ras Al Khaimah,Street Number 3 - Old Town - Ras Al Khaimah - United Arab Emirates,,,,No,2026-03-01
Al Mayya Group,animal shelter,Agricultural organization,Fujairah,586W+R8F - Unnamed Road - سكمكم - Fujairah - United Arab Emirates,+971 56 712 7040,4.5,13,No,2026-03-01
House Of Pets,animal shelter,Pet store,Fujairah,Al Qasar Road - Al Faseel - Fujairah - United Arab Emirates,+971 9 222 3220,4.0,144,No,2026-03-01
Animal Care Centre,animal shelter,Dog day care center,Fujairah,289J+24M - Hay Al Ghail - Sharjah - United Arab Emirates,+971 50 646 7792,3.6,15,No,2026-03-01
Casa Roberto Canine,animal shelter,Dog trainer,Umm Al Quwain,Casa Roberto Canine - Al Abraq - Al Nekheila - Emirate of Umm Al Quwain - United Arab Emirates,,5.0,2,No,2026-03-01
Umm Al Quwain Charity Society,animal shelter,Charity,Umm Al Quwain,Charity Society - Al Raudah - Emirate of Umm Al Quwain - United Arab Emirates,+971 6 764 0330,4.3,70,No,2026-03-01
Fetched,animation studio,Animation studio,Dubai,The Meydan Hotel - Grandstand 6th Floor Al Meydan Rd - Nad Al Sheba - Nad Al Sheba 1 - Dubai - United Arab Emirates,+44 20 4579 3818,4.9,43,No,2026-03-01
Infamous Studios,animation studio,Video production service,Dubai,Concord Tower - Al Sufouh - Al Sufouh 2 - Dubai - United Arab Emirates,+971 4 422 4353,4.6,21,No,2026-03-01
Location studio. Managing events and exhibitions,animation studio,Animation studio,Abu Dhabi,31 شارع الحِمْرَار - Al Sa`Adah - Zone 1 - Abu Dhabi - United Arab Emirates,+971 50 866 8186,4.7,7,No,2026-03-01
Abu Dhabi Folklore,animation studio,Animation studio,Abu Dhabi,شارع - 16 - Al Nahyan - Zone 1 - Abu Dhabi - United Arab Emirates,+971 58 210 2848,4.3,90,No,2026-03-01
Qaws Studio,animation studio,Animation studio,Ajman,CHP4+8Q2 Jurf 3 - Al Humaideya Road - Al Jerf Industrial 2 - Ajman - United Arab Emirates,+963 948 587 136,5.0,1,No,2026-03-01
Mataflax Media LLC FZC,animation studio,Animation studio,Ajman,1A-0024-031 Flamingo Villas - Ajman - United Arab Emirates,+971 6 546 7444,5.0,1,No,2026-03-01
Antique Boutique,antique shop,Antique furniture store,Dubai,"Danat Al Quoz, Warehouse 1 - Umm Suqeim St - Al Qouz Fourth - Al Quoz - Dubai - United Arab Emirates",+971 52 706 9984,4.8,58,No,2026-03-01
Al Saqer Al Thahabi Antiques & Gifts,antique shop,,Abu Dhabi,Al Danah - Zone 1 - Abu Dhabi - United Arab Emirates,+971 55 786 6056,4.9,71,No,2026-03-01
Marjan Jadeed Antique Novelties LLC,antique shop,,Abu Dhabi,Al Kasir - Al Marina - Abu Dhabi - United Arab Emirates,+971 55 297 8897,4.5,31,No,2026-03-01
Magnificent World Antiques,antique shop,Antique store,Abu Dhabi,F97G+J8F - Al Manhal - W14 02 - Abu Dhabi - United Arab Emirates,+971 2 443 2924,5.0,1,No,2026-03-01
Kenoz almadhi arts&Antique Trading,antique shop,Antique store,Sharjah,Al Shiokh - Hay Al Gharb - Sharjah - United Arab Emirates,+971 55 957 7553,5.0,2,No,2026-03-01
Gulf Antiques (Kenouz Al Khaleej Antique & Gifts),antique shop,Antique store,Sharjah,"King Faisal Street - Central Souq, Kenouz al Khaleej Shop No A2 - First floor - Sharjah - United Arab Emirates",+971 50 285 8082,5.0,3,No,2026-03-01
Yasmin Sham for furniture and furnishings,antique shop,Antique furniture store,Sharjah,برج صرح الامارات مكتب 1006 الشارقة - Sharjah - United Arab Emirates,+971 56 969 5493,5.0,2,No,2026-03-01
ALSAFI COINS,antique shop,Antique store,Ajman,"D1-2 Ajman Museum,Heritage Village - Ajman - United Arab Emirates",+971 55 310 0059,4.3,16,No,2026-03-01
ROKN AL HEWAYAT,antique shop,Antique store,Ajman,"New Industrial Area 2 Ajman Ajman Gate Tower, Office #G4 - Ajman - United Arab Emirates",+971 50 481 7447,4.9,8,No,2026-03-01
الافراح لبيع التحف الفنية,antique shop,,Ras Al Khaimah,Old Town - Ras Al Khaimah - United Arab Emirates,+971 52 166 6609,4.4,17,No,2026-03-01
تراثيات اجدادي,antique shop,Antique store,Ras Al Khaimah,QWXX+CQ7 - Old Town - Ras Al Khaimah - United Arab Emirates,+971 50 979 1881,4.7,6,No,2026-03-01
Al Afrrah novelties,antique shop,Antique store,Ras Al Khaimah,Sheikh Mohamed Bin Salem Rd - Old Town - Ras Al Khaimah - United Arab Emirates,+971 52 977 6601,5.0,1,No,2026-03-01
Gulf House Sculptures البيت الخليجي للتحف,antique shop,,Ras Al Khaimah,Old Town - Ras Al Khaimah - United Arab Emirates,+971 56 660 9002,4.4,5,No,2026-03-01
التاج للتحف والفضة,antique shop,Antique store,Ras Al Khaimah,QWWX+WGW - Sheikh Mohammed bin Salem St - Old Town - Ras Al Khaimah - United Arab Emirates,,5.0,1,No,2026-03-01
Alshaami Sculptures & Silver,antique shop,Antique store,Ras Al Khaimah,QWXX+FQW - Old Town - The Old Market - Ras Al Khaimah - United Arab Emirates,+971 56 797 5588,4.2,5,No,2026-03-01
ZAFAR ANTIQUES GIFT FOR SALE THOUBAN,antique shop,,Fujairah,Thoban - Fujairah - United Arab Emirates,+971 56 338 2184,5.0,2,No,2026-03-01
Abu Sultan Pottery & Antiques Gifts Shop,antique shop,Pottery store,Fujairah,"Masafi, Friday Market 2 - Fujairah - United Arab Emirates",+971 50 795 9619,3.5,2,No,2026-03-01
